-- phpMyAdmin SQL Dump
-- version 5.2.0
-- https://www.phpmyadmin.net/
--
-- Host: 127.0.0.1
-- Generation Time: Oct 16, 2022 at 07:32 PM
-- Server version: 10.4.24-MariaDB
-- PHP Version: 8.1.6

SET SQL_MODE = "NO_AUTO_VALUE_ON_ZERO";
START TRANSACTION;
SET time_zone = "+00:00";


/*!40101 SET @OLD_CHARACTER_SET_CLIENT=@@CHARACTER_SET_CLIENT */;
/*!40101 SET @OLD_CHARACTER_SET_RESULTS=@@CHARACTER_SET_RESULTS */;
/*!40101 SET @OLD_COLLATION_CONNECTION=@@COLLATION_CONNECTION */;
/*!40101 SET NAMES utf8mb4 */;

--
-- Database: `projactcs`
--

-- --------------------------------------------------------

--
-- Table structure for table `examination1`
--

CREATE TABLE `examination1` (
  `id` int(2) NOT NULL,
  `exam` varchar(300) COLLATE utf8mb4_unicode_ci NOT NULL,
  `answer` varchar(50) COLLATE utf8mb4_unicode_ci NOT NULL,
  `guideline` varchar(300) COLLATE utf8mb4_unicode_ci NOT NULL,
  `exam_image` longblob NOT NULL
) ENGINE=InnoDB DEFAULT CHARSET=utf8mb4 COLLATE=utf8mb4_unicode_ci;

--
-- Dumping data for table `examination1`
--

INSERT INTO `examination1` (`id`, `exam`, `answer`, `guideline`, `exam_image`) VALUES
(1, 'จงแก้สมการต่อไปนี้ 5+5x5', '30', 'ทำการคูณก่อน', 0x89504e470d0a1a0a0000000d49484452000001f4000001f40806000000cbd6df8a0000000467414d410000b18f0bfc6105000000097048597300000ec400000ec401952b0e1b000073d249444154785eed9d0bd81d5579efdb73eb694fad0ab927240408b9876b426e247209b912eeb9810a9210f0820a82882208985041b91450acd02a205a5014102b16aa6831a52a122a16ad1505eda17a54d0734e7b6e73f66f7db336f3cdf7ceec99bd67ef3d33fbff7b9eff43f8f6ecd9f7f9aff75def7ad7ef0442082184a83c3274218410a206c8d0851042881a2043174208216a800c5d082184a8013274218410a206c8d0851042881a2043174208216a800c5d082184a8013274218410a206c8d0851042881a2043174208216a800c5d082184a8013274218410a206c8d0851042881a2043174208216a800c5d082184a8013274218410a206c8d0851042881a2043174208216a800c5d082184a8013274218410a206c8d0851042881a2043174208216a800c5d082184a8013274218410a206c8d0851042881a2043174208216a800c5d082184a8013274218410a206c8d0851042881a2043174208216a800c5d082184a8013274218410a206c8d0851042881a2043174208216a800c5d082184a8013274218410a206c8d0851042881a2043174208216a800c5d082184a8013274218410a206c8d0851042881a2043174208216a800c5d082184a8013274218410a206c8d0851042881a2043174208216a800c5d082184a8013274218410a206c8d0851042881a2043174208216a800c5d082184a8013274218410a206c8d0851042881a2043174208216a800c5d082184a8013274218410a206c8d0851042881a2043174208216a800c5d082184a8013274218410a206c8d0851042881a2043174208216a800c5d082184a8013274218410a206c8d0851042881a204317628079e69967829d3b770637de7863f0f18f7f3cf8ec673f1bfcd55ffd55f0b77ffbb7c1d34f3f1d3cfffcf3c18b2fbe18fcdffffb7fc37b0821ca8a0c5d8801e62ffee22f82dff99ddfc9a4fff25ffe4b307efcf860fffdf70f0e39e490e088238e08d6af5f1f9c7aeaa9c139e79c135c78e185c115575c115c77dd75c16db7dd16dc7df7ddc15ffee55f068f3df658f0d4534f05cf3efb6cf0bffff7ff0e1f590851343274210ae4fffdbfff17feab1a7cec631f33cdbb5bfa8ffff13f064b962c71662f84281619ba1039c1b47ffce31f075ffad2975c347af6d96707cb972f0fc68e1d1b7ce8431f0a8faa06d75e7bad69bcbdd0d6ad5b83fff13ffe47f84c5a4374fffdef7f3ff8bbbffbbbe09ffee99f340d20440c19ba1009fcebbffe6bf0f77ffff7c13df7dce352c9a4960f3ef8e0e00ffee00f4c8342dbb66d0bef5d0d2ebffc72f375f44aebd6ad0b9f4932cce1fff11fffb14bf747effb7bbff77bc1dcb97383534e392578ef7bdf1b7cf2939f0c9e78e289e0bffff7ff1ede5388c142862e069e5ffef297c137bef10d37efcb3cf0b1c71e1b4c9b362df8f7fffedf0f33902c3afcf0c3c3b3568377bce31de6ebe8a5eebbefbef0d98ce41ffff11f4718792bfdeeeffe6eb0f7de7b07ab56ad0adefef6b707b7dc724bf0d5af7e35f8977ff997f0ac42d41319ba18084893ffe4273f7169f2ebafbfde1571bde635af09c68d1b679a42bb1a356a54f888d560fbf6ede6ebe8a566cd9a153e9be1fcf4a73f0da64e9d6adea75dedb1c71e6e0effcc33cf0caeb9e69ae081071e087ef8c31f2a7d2f6a810c5dd416e6b92fbef8e2e0b0c30e7315dad605be1bfaf9cf7f1e3e83f2b365cb16f335a00d1b36b874f6ca952b83c58b17bbf4f69429539c29fe87fff01fccfbb4ab9ffdec67e1337a99934e3ac93cb61bfacffff93f07f3e6cd73af99f4fd5d77dde5d2f779e6f885e8373274514b6ebffdf6e03ffda7ff645ebcbbadaf7ded6be1b3283fcc615baf01fde217bf088fb2f99ffff37fba34366971cc8fb436112f66489a9b08f8d24b2f75696f0ae058ee663d0ee2fe51fef99fffd9a5cead637b299e03cbed84a8023274513b6ebae9a6be98c11ffdd11f050b162c08fefaafff3a7c26e587ea7cebb5a07ffbb77f0b8f2a064cdd7a1cf4ed6f7f3b3c6a884f7ffad3e671bd1691bb958e7fd7bbde15bcfbddef769f75d1ef9310ed224317a58508904e66a4ceb342b4d84e315b1e4d9c383138eaa8a38237bff9cdaec3dac30f3fece67babc841071d64be46b21b45b371e346f3b1d00f7ef083f0a821487b5bc7a1356bd604ab57af76856fdd1eb81d70c001e1337a99fff37ffe4ff0aa57bdaa790cab1e28c02323f19def7c273c4a88de234317a581656298e345175d141c7ae8a1c1bffb77ffae79d1dc77df7d5d44f4dc73cf8547dbb026dcdfa713d10065c68c19c109279ce0a231daa23efef8e3c14b2fbd143e523dd86fbffdccd7bfe79e7b86471407466c3d16faaffff5bf86470dc1dcbd751c8a9a2673dca4eb49f33308600e9cb97e96b459f7cd2b062171688b6b1d8bac018010bd42862efa0695e75c9cafbefaeae098638e097efff77fdfbc484645f3161a8b58901a4d5b236ee915af7845307ffefce075af7b5db063c78ee0de7bef0dbef7bdef0d4c8b52de4feb7d21fa2d1a96f4598f85e26bc73165eb3822f22c856a7c17c8d630a74fe44c553bd5ed14f459e74dd265975d169ef165aebcf24af35874fef9e7874709d17b64e8a2a7b0748cf5de9b376f0e468f1e6d5e145b09d3b64c9de8dd3a1e31bf4d9afc4d6f7a934b93b301091b8f0c3a4983280cb5680e3cf040f3b198228982192745d82c63eb140af928e0a370ef6d6f7b9b4b9753bd6fa5ef99cb8fc372c7f8715ef4ae17a25fc8d04557f9f5af7f1d7cee739f73463a7dfa74f322d88e584a15e785175e308f45d6f1830e73c1d67b85584fffc637be3178e73bdf19bcfffdef0f6eb8e186e0cffeeccf82cf7ce633c1430f3d14ecdab52bf8ee77bfeb06687cc69cab154c9b588ff5ca57be323c6208226beb38c4dc79b7204b40fa9e8e73a4ef49fbffc33ffc4378eb101c93b47a82bfab4b9de82732745128ffeb7ffd2fb76c8b0be2a2458bba5aa086a94421b2a32ad93a76f2e4c9e151c2f3ab5ffdca7cafda156bfd69d443973d76632392a5eb1e2d73a96d48ea053069d2a4f0190d419adc3a0e9d77de79e151fde1c1071f349f1762f73921fa890c5d14025b645240f6877ff887e6c5ae1b7aeb5bdf1a3efacbd01cc43a9674ea6f7ffbdbf0a8e2615ef7c9279f74295ae65dd996b4ecb07ac07aaf7aad78bb5c6a2aace3d0473ffad1f0a8fec080c27a5e881a8ca2212bc23afe2f7ce10b5dfdfe8a7a2043171d4175f28a152bcc0b5ca76269d0d1471f6dde8666cf9e1d3e8b97495b1af5ad6f7d2b3caa7d68b6f2f5af7f3df8d33ffd53570045e5f63efbec33ac221f516d5d76d87826fa9cfb25561144a180cd3a0eb1fae1dc73cf0d6ebef9e6e091471e710d687a4952b11e4a2ad6ec84238f3cb2797e565e2c5bb6cc6da8c3de03d6fa7831d8c8d045db103170818d5ed43a117390343aa18a98743af3b25cb45842651d8fe2ebbfe94c661d87eebcf3cef0a87478cc1ffde8472ebdca76a8679d75968b22f314f19129283b9882f5dc7b29d2f06c851a8536b3d6b149620e7ee1c285c1e9a79fee7665fbfce73fefb6592d7aa5028357ebf1d1ab5ffdeac20d96ac4f527120e6ae885dc491a10b13969491464fe3b5af7dad79b16947ac314fba4011ed5af7419ff8c427c2a386f8d4a73e651e87def39ef784470d41e39addbb77bb34f9fbdef7be60d3a64dae123bcbf2b9564aea305626d8a8c67aeebdd41d77dc113e9b97c9bbb42c490c10c9e2d0139eef178ff5cd6f7e33f8cd6f7e133e523eb8bff538e8e4934f0e8f2a8eb4cf8781af457c7024060b19ba18064bbfa86af615c934d1b0a0a02aa9dab71db1fb5912cc9b5af7410c2aa2b0aedd3a0e51a8459a7ceddab5eef5c5d3e445abec1757f679b79e772f4484c9202a0e4bcaace38bd65e7bede57a1f90befff0873fec5ab8c69bdbc42103609d0bb104ae68d2b6b6258b15876c1545a8ecd9cfd24cb6051683850c5db85ed45cdc5912143739b6d7b4f8d8c73e36ecb824d1b8854a67963ddd7ffffde631888e654990feb6ee83d82b3b0a69ca6e1b755691b22f33145c59cf1b61b644b3cc53b3ec30ad182c2a5613106163d8d6edecd2c6baefa79f7e3a7c16c3617db875bf5e89ba0dd2f7679c71865bb111856a7ceb3e882d588b86ae73d66321ba16c6d9b973e7b06348d793756299a1e6db070319fa004355368d35d2e6a869c86275e6e27ed6f1884898656b2c5f8bcf63a65d14d376b54a6a518a28ee8a52f41edaed8af9f732c3bef0d6f346acc58e43346b1d1b1515d99ef86e6cac5b6f95ee26d2b5cedb6b8d1933267c4643d03dd03a0e51145934bc6f497dea93e6ebd376b363a0c56f5229f97a23431f30489553219ca7988dad48e390bab68e45d6bca8272d6d49e57812693ddaafbdf6daf0a821c83458c7754bbeeffbf1c71f3facef7bbb73b5bd22ad8529d99438d455a4ad22f062d959bba40d14bbbde94e5454934721c3641d8792b2589dc080ca7a2c64cdd73378b68e8d8b41021d132910cdd24257540b19fa00c0859856a75bb66c496cbc9226ab61c6adb7de6a1e8b30ed24b89058f741d646181e3a9459f741cc8947c99a1ece2bdff79d797bd61c7ff6b39f75915b3c355b15e80267bd4e44eadb82e9190cc1ba8f17a6610d02b3403ade3a27a26b9befcfcea081e56d54c417554417152b1ba2306d641d87eebefbeef0a8e220e56f3d16b2e6ebdff0863798c7a689d501d4ae7463b99de80f32f41ac3dc334d4ee8536dfda0b38a0b34e78a92d69e93ed4593a0f028299548bb51061f1614f824cd8dd3cc266aaa694574593461c204b7fe9776b57ff2277f52dbbeef5cccadd78fe2fb934761c7b9a46d57bdc85a50a59d97a4ef2af3c169ed6569fbcb20e4231ff948cbfeec59149d2e61da88c19c751cdfc9fff6dffe5b78647150b4673d1e8aa7cdc90475dad069ce9c392ed3f5f39fff3c3caba82232f49ac1bc25e93a1ab2b47b31f3628df0eb5ffffac4682d6dae9ac83589a46e6e28cd48162c5860de073dfae8a3e151d9d28f1467d15b9e3439dbb59226a7a2ffc5175f0ccf527f4e3bed34f3bd41f1fdc9e330306b55ab80c9e489fee8839ef49dc570da8173f29de23771c92597b8feec9cabd5f6aad182461a0959c7203236454326c27a2c64158f32d0618a844e8d49c58859c5fd59e64767ba2cfdf945b990a1d7042a92d94c832a5deb879a47a43199cf6eb5f7f7b66ddbccfb23e61c93484b89d31824898b2fbed8bc0fe262ed21cab08e41983815d6554d9317c971c71d67be478888b715346f69d56c87e2b25683030f8573d63910465c249815cf0b23247d4fca9aef3d05673c5e340a26cb157f3e5ef12e7745c09233ebb150daf24ee073fbe0073fe8d6df5bf7cf233255bc3e3e67510d64e8158636a4d75d775d6a3bcaac62538d0b2fbc3035b28e43bf72eb5c68fdfaf5e15123f9e217bf68de07d1463609d60a5bf7416c041325a9729ff9563104b511d67b84b2164c1181b74af75205de6a8d37a4158251a1dd2b30c5e8d40f351ad67342edd60aa49136d0a26e232b649c28d863a58a75ae3ca25322cb1cd59daedcc8d02b0691058648c4d2696317d2cea49cefbbefbeb6da6432a0489ad766ce31e99c695b5052b4c7b481050559ec856edd8f0a68b6f1f42c5dbad43c0eb124a817600cdd589f5c14492b1de2fb93b7823dc0b3a47a99c2a16f00cbab786cea14302fdfbe372d12b696d1f58ab4810f0d8a8a34397e3349061cff8e6785c119030f5e47a7d3700cde2846fc9bbff99bf0eca24cc8d02b02e941da57527066fdd0f28868fc9a6baec994566d056bceadc740693f7ab6d6b4ee8328424b22ad0a9a06289ead5bb79ac7a0a49a807688a66e3ff0810fb8d42dd9023ff5d1cdfdbb3b2569dd3269e7bc6018ed9a852f387ccb5bde62de8e786ffb355572d5555799cfc98ba9aea2a0ddb2f518289e856a0706984c4f8d1d3bd67c8c3c62fa8acfa5d71be4886464e8250793a26fb3f5836a5744494515bc5050663d0622e24a226d0d34cba992602062dd075195ee611ed13a06b5d3a693288ce22a96dd458bab5a6549281c2b2b7c0face7dceedef1699f4d9a7cad060356ebf6a87c3123913ddfbd3ffff33f77a9e57622d7acd0bb21e9bd420c64befce52f874777061dfaacc740454e3ba41598e6159f09536c14d289fe22432f396c9568fd883a156b798b8068da3a3f5ab2644978d448b8085bf741f4a24e82ee76d67d10177a0f1717eb18c4b2a624c85a44973fad5cb9b2a3e54fdcafac0d3c92e6bead6d69b392b70700ef8fef7a96565b9145f1e586986c51cb0dd3be4f88656645ac90489b2a62f54611746bdb5cb253a2bfc8d04b8435e7fc939ffc24776f725f9d4a4729eb7674e28927868fd019fffaafff9ab83b1923f7a44a792ee24915f95ce4999fb7a058292d5dc8fb05a416addb114bfa58479f54e15cb4a8de2e1bbcff4983147a99b70b9f0f0d8cacf35aa2d6224a11059e7115d510286d5507a2194c2730984caa4548ab49c94bdaa08bb43e03a2767e0b2cef8b53f66e897543865e02883a294e63fda705bb42593fa0a848fdc6d78fa645c15c388a2a0ea332dd7a0c44c15d120c2aacfb20b6344d22cd306ebbed36770c86d54e57bc6ee8aebbee72cfa94cf01d215d4d248bc931007cf39bdfecfa0e58bba0e501a3644db4f55ec4c5e0330a66db6e3624af1870fa96bdbe1781b5e98987c1e9de7bef6d9ecbcb6a99db0a7e87bcff49cd6b50daaa913cf0d9a42d35f4bf3b0a53f9def2dbce1250508f6141cd0b590756a888ee2343ef23a4be988bf51730fe6b4573697b7cd3a485a56b491d9ed2d6a316b579088531d6f9111b7a24c1b695d67d10d1501269bb846ddebc393c2abd80ae97eae592abb240a44ebdc1eb5ef73a971139ecb0c38259b366b9cd796839eafbb263a8711868f4b26f7b54ad365af9ca57be923ae0a0e0346be738aafbd9cc2669e546540cbc8a800193757ec4924e326e71d83489415eda6086c2c138f1023f0a618b9a36103632f43ef0cc33cfb828d31af95a23717e64d11418a96a2a6b6926d38ab4e2b04ee64aa3502c669d1fcd9c39333c6a2454875bf7415c3c9260cf76eb3e88e8c3af214e1b08755bd16d383ffff9cfbbe72386c3f2c524f363291c0300ebbdeda6e2fb025860c2d67dbdd8b2340dda28d320a655b7baa8e81e5704ebd6ad33cf8f58659006bfab871f7e3838f5d453874db331f8fad9cf7e161ef532493dffc93866b97689fcc8d0fb405a648aac7699fcd88874588f9bb44edb82745eda1a61d2f29dc20f9d3eecd6f9515a6152daa89f79ee2488ecacfba0ef7ce73bee18de272ab6ad638a10911ac550a425c944b08b1da9452de3290eb258742d64773fcc96083a6f4d491ef138ade07bc540d5babf174d97e23090678047aadfba4f92d28a4bf34046202df391a7d68355055cc7a84d60901087c252eb31bc3ef1894f84478a2291a1f7011aa4a46d98b266cd9af0c897f151673ba4cd5517b5f563dab69aa45093485b2fce052309e67badfba0e8f69d5c44693f6a1d9755d427102d52a3c0d22ab68725c250c14f7fc050a93b61be97a59144c4071c70406271661e7dec631f0b1f251d06dd69c6cc00d777c77beaa9a7dc54503b0311bebbdffad6b7dc793a65e7ce9de663a0030f3c303c2a3fd62a8eb4a5b6ac46296ad9ac188e0cbd4f1075585f76af6f7ce31be1919dc31235eb31105da98a5856c585d03a3f62139024b8285bf741494582401adbba0f62a959142efe4439d6b15131b7cb5c2fdbbf3227c8633020d0c5a71a5008490f763656a13e843a0c5a96a6658fe2cad3018dda08eb1c5e64d4280e6ca7c88fac1aab2f7c17bd22486a24848a9aa307d2f2d66378f5b3eb5fdd91a1f70996a0903eb4bef028ada7795e30a4b4c61845f4a3a670c63a37a25028098af9922e78d40df835ca7158f39b142111a959c53d14e4b0cf357378d42a308d419afc91471e519abce6b00c92cf9f8134cbb6c88259e9fb3c5ba152314ecf84e8fd3b152b335836f6e31fff387c946248db8190b9fc22b7804d1b3c93e94afa4d03fb499071c9b3a7847819197a1f49abd646d12d413b25ada31b3d9e8b60dab469e6f91169c724d22e8a69cb88583b6edd0761d242b4c2a7ef29a024259d17e6f8f314b72589263fef78c73bba36b064eede7a5cd4aa882f0f14335a8fe175f7dd7787478e84290a5ff1cf408bbe015977ea1343c8d0fb0891739a09b2cca328481d5b8f8188908bd84484ca5debfc286d891ca372eb3ee8fdef7f7f78d448e2294f9a925081cc5a7c2aa885e80569cb365b89d510b4124e6aa45404d47ab0318ef5f8e8a1871e0a8fec9cb496b22cb14dab05a23363fc3e14f13118896e672b9291a1f7190aace25fe2a88a8c34d3da4a46f7136f97b435ae699b94d0a2d3ba0f4acb1e10bd33dfcd7b98657b4e21ba0129e4b4cd862cb1bc92c16a11ed625b71ebadb79acf01b14a232d059e87b45a1d74efbdf786478e845a81b44650175c704178a4484386de67f831a52d81c1848b822e6ad663a04e7ed87ed4cd261649cb628810a8eeb720ed99f463a6c25cd1b6283b1873960d4fe88c47b6aa97dfe9b439ed229b1ea54d9da5edcf00d40d58f7434c472435ce12c391a19780560d508a4a89917a4bda900331ff95154c9c8d5968904325b1872a71ebdc882e5b4950111c3f9e4a5fce5de63dc5abca39676d0f161dba20fc3f5104accda6e8d2da818f7dd3598669156b66818a7da6b4ac1e1569d09026fe5cbc986a2b2a954df46d3d8657da6650ecbf90b66be1c5175f1c1e295a21432f0198235b715a5f66d4c9661971580a633d06dab0614378543274b962ed6f7c1dbd2f7a7bcf7bde33ecef51715b127ffcc77fec8ea17bdd5bdffa567701d03aefee3167c6ace0d57ff847c18f9f7d36fc8b280a1a29d13885489ce5609d566c53811e2dbce35a71edb5d7668a5ad98ad8df2f2e76a62b02ae5fcc8f5b8f81c85ca4412f0ceb7e8865b56915f8acd0a1064711fc1032f414285ae387c9170e13638d6a5a5147277ce6339f31bfd05e45ed35cc6bb0ce8f9296af901267ed285174d212338ad18028dcba1d11bd27415190d53e527407cc1ced7cff8ef02fa2acdc70c30de6ef890c567c43a6282c8d4d5bae4aed491150b96e9ddf2b2df3478090d6c9326d4a806583bed32499479a3efdf297bf0c6f1d4c64e809f003b17611630e8c2e65b4f8b47e44edc240816e4df1c7f33ae49043c2233b874e4dd663202e1e1ebaa1d1333e699bd3a828f2e107c63c7952452df3ebccb38bfe83998f7de5abdd7fbf56e0f248513c69d7052fbf65f2f7bffffdf05e81dbe9d03a16d144a9888652d4dda46d00c5d2d234d232865c7798c648e2231ff9c888fb10d15f7ae9a5a9f7ab3332f4045a757243981873665ffad2979c99754a5af73354d4261f3ebd6d89a55fecded6cebed46419808a76ff374c9cc89cd13383a0a2f674169d81912f983c3918f58a570613c78c0beebcbd98684d144bdac64749a2ee841e1734cfb16e47ccc71701993bebfc5e748d4b82bd1ad2dae75e71c515e191232170a090d7ba1fa215f52022434f807da1ad2f4a92e86ac6122af6436eb7f0050e3df450f3fc887ed545a4fc695e917783882cf29b34304d4164cf323645e4e504435fb4f7dec1e1fb4c6d46eae7bff56dc1aff579958ab43d0b3a51dee23a0b329469d9be65cb968547dab0b5ae753fc456aeec3f9fc48d37de68de0f312d5854fffbaa21434f80ae4dd697258b5ef18a57b8cd188858f32e4fa10fb5754eaf7beeb9273cb2338e3df658f3fced8addcfd8aab5ca0c92994d1e3fd145e82ba7ef1f1c3d6dbf60af3df774a63e69dc84e09377dc191e25fa0d4d6bd843defacdb52b8aea8a8081bb757eafb4552d54dfa7edfc96d6b58f9a1ea618acfb2136a31a5464e809d0b4c4fab2e415ad0c295cb9ebaebb52479c51a86ab7ce8598afeaa41104030c7e886955a959c5c085ddd21e7becb1f0ecd5a6176967060d65304c96ad1db4df3467e85e18bc8fd659d2a6b9f572c0ef9dc2b2534e392575795756319dc6f45d27d35fdc77bffdf633cf8fd80b3d0d021eeb7e88a9ccdffef6b7e19123a1c2dfba1f223adfbd7b7778e4e021434f216d0eaa1d51454e64cc76a269d598ac3bb7eeefc5baf5bcecdab5cbcdf75334629d338f48a5f11ad27e7455e481fbee0f6ebef1a6f0ffba03e7c73057af38a6af19015eebf8516386193a225a9f3d7e829b5be7791e73e451c1ee279f0cef25fa0dab41aebffe7a37fd66fd36f368ecd8b1ae03dbd34f3f1d9e3d3b69dde750daae75dffdee7753b792bde69a6bc223474240c2f3b6ee87b22cbdad330367e8fff22fffe29659b03e14534a6bfecf3c93f5a529422cd5609bcf8f7ef4a3ee39c5496bd34a7a3b4b853ded50f971a475a2cbaa891327ba060f75df2c61eeccd95d5f9bbd78fe61ce2cd1c6934e76117baf4d93c1c4ece93383f9fbec33c2d4bdb1cf685c38fdf3d4fc7af9609e980e6bd4ef58bfd93c5ab468912b04ce92458c2e17b3b46ad5aaf0481b320dd6fd10669d364d79f5d5579bf7430c12182c24410042e53fd75c82a23af6871f1843a7d9034518f1791b523444e25ffffad7c3238773dc71c70d3bbe1be239d1b39c420fbfff313ddcad63bd92b63c2515c697f6f8e38fefb8f08df4dec9279fece6f58b5ca25766b66cdc149cba6973f87fdd01f3de6bdc84667a3b2ae6b05fb364e9081d7ac041238e8d6ac6bed3dc7144d457edd8e906095fffdad7c247b4618a61c2e8b1cebc2d5347afd9779f60bfd1639a8fa168bd7c30a7cc941ecb6cd322df2c628a9082e0af7ef5ab8905b8b7dc728b795fafbffddbbf0d8f1c093bdb25f5b240acb049824653a4e3adfb21ba565a10d8b065aeb5fc966ce337bef18df0c8ea537b43e74bc917b055aa19f3b29ab73cf1c413a95f40f6f74dabf4cc2b1e8bdecb74992212b78e41cc5f454d966e54744c4a4b476515f3ebfcb006b1fb12268779bd71fbd9e15fba038fc372312acd11696e22628ad392c43149f2c7588384a396bfc699bc65c66b57ad0ea6ed3525d5d411cf91736b895bb9611ff5f7bdef7da9117456d1ae960d649e7beeb9f0ecad978bf9952e49106858f74314ba31384962c78e1de6fd1041113b4ac661454fabeb3383a073cf3db7169d296b6de8a487f3ec82c41cb7b5bb19456dd6f168dcb8712e4544eb53bac9b5b37ebb5db1d614289a49abfacc2246af2c35a399cc20435a7952c3b430c2534e38a1e3343351f2876fbad919aad717ee7fc099ab1f3c1c3c692fd3443b1106cc7989aea3264f94cdf3f1af8bff3205102f90b384e94f78d51eee3c8ad4cb0d810c6bc04f3df5d4e0f77ffff7cddf7c5611b5fb7a99b4e562286db918b759f7f1bae9a6e4fa1536bf61299b753f4456210e754a79a61b69674d4f912a534b43277265aea59d2f324b44e2f34898755a2a2b5ec4c14891d124ddddace38bd2d4a9539b0d6d2ebae822f39834910da01af5ce3bef4c1d190f1ab443f50648448a09e731760c9bc1c0845143a9ea344d9e30d1fdf7a086015b265a94586f4e24efcd9d82b86d67bcc1d50bf0da58c676d03efb9af78d8a143c05730c0c3a1dec88de40d7343686993f7fbe791d68a54d9b36b9f33048206ab78e412734bef36910bd5bf74344fd49bb31c2e5975f6ede0f31b548939a38797b8978d14f24ad7f7c99a99da1334793d69c258bac2e4a7ca9ad6351da320b7a1563f8149da4a5eedb15051ec020c2badd122351da23f2dcc448302aa2f4630f3d2498327aa8308cb966d2f098b5553447c4faae0bdf19ecbff73e4346dd888c8f993737d876d411c105ebd704d7bc7693d32527ae0fdeb27a45b061d1c2607ee3e238fa8f5ee58e47fbef35d919a665a4458ae89df4bc7f5c062c2c51e3df591e9fe56d1cab3ef0d583255decbb306ad428f3da60c9eff698d6b58e6b1bd7de249857b7eee7c5b4681234a74a6b3f7de699678647be0c91b6756c56317549f174d5a88da1d39ded924b2e496df49f557c391f8dadc1658e3a2d4abfeaaaabc22393a1308f5ee9cb972fefb878c56b72e3e2ea47b66995f1ec37cedacf2f7ff9cb85749bab3b98d5810dc3c5845fb76c69b060da7e4d034444ee4be72f70e2dffeefcb66cd7486ed0ddcd2cecd2707e7ad5a111c3f778e3348a267e6cf7df43c79cf51c1218d88256ea4452b6aecb3a64d77ffcd9afe27f5ceeb56945e4db866d0a48a82e0b4062f5c5f7cdf8bb436af54aea7c18a1eeb7e88f9feb4d6d95cd7adfb21aef7f1c084e0aa881a0244d6a14a9b46d5c2d0696c9267ae84cd43587f99f645de7ffffd47a4a14f3bed34f358b467e3c298b5710cbcf0c20b6e544a656aa7d5e8b45885db6ebb6dc46da4fd999b520bd6fc1c76f0a1c1c90b17348df8ca8d2739b32672c7e0e7352e1a0813c7f4b93d6adc715db9e1c4e08c258b8275b3679a2689887e7d553906efbbb97553074c1c4afb23fe6d1d1317c6cff12a90ab3eacac618a70dab46923ae1fd1ddce989a8bdfee45d68fb5e956b39ab41d1e11d7ad24487da715349f7df6c8e2550adcac63bd58abce74a5759b25b203bcb62a5069436724c6ded979a25d0cd48fe83075eb182fe6a5a3506497360848db4c200dbeb414b8ad5dbb76d8bec759e5f719a74a936d04195cf0bea4a5c0446b48a34f1c3d7658cabc1d5d7cfcda60536310601963922840c3348984a78e1addb20abd539125e0b1f67cc52bddbfad63a2e2f960e85b4f3f237cb7441d2033c91c32410f99cae85aed2c7d399863a7136574050e753ad6b188e3d33ad6b1839c753fc4b5f2273ff94978e4100477697e40c53bd95cbce36d6f7b5b2eefe075947ded7a650d9d799d3c69159a2fc447826c1f98d6be90c8395eb579c6196798c7a256dbfd65816a4e46c2f423ce5ad44743080f3fbab4e212910f22508adbda31f5768cdc924fc9777b7e1d9366f090d5d449d7b36e5ed40fb28df4b388824993b9b4ae4171619ca4e85bf5d3c0fc9360d92c018a753fc4c63551b8eea5656a19a07c2dd69b8135e82c3db68eb744c53fad673b69bfdd4d2a67e82c454833554b9823eb112dd8d233ad588dbd88a32348466869f3f4149b1505a3480a3328c84bfa6233c79577031831041138456e148551d0b66ef59a60cd312b83a3962d77ff46fcfdf0454b5ca47eead2c5a6715bdab67c896982551069f72ca64ed53c517ab73beb89f2f0b9cf7dcebc0e25296d3a11d34f6b5895b641163541be0997276dae1dc507001e06024c2de4a9bf624be8bffffbbf0fcf501e2a65e8ec5ec6ba6feb0db6c4b1597627dbbe7dbb797f2fe697a26cdbb6cd3c0e31df93d6a7bd5d98cf674305badd61e26c8c42c1068576223b547353adbeff94a9cd7963afe9132636e7c551fc7674d8b469ae52dd3271af2a9bb9170573a4e0d352fdbeda5d9bb80c1669b544794477bb24e8ee46346cdd0f51a91f85e9c53443e69ad9aa710c2b00f22ceda319194d7cd20afa7a4d250c9d3966a26ceb4d4d12517c566325cd4daf72eb3c88b91ab6fbf3d08d296dd7237a9e8b72c166240b0e3ad819d0b8865151c8165f5296245f0cc7f17e19dbf2c6fd938cdd32bf2a8a147f5ad53ba6cf7bc17bdb0a1aec900961531a5ad4b28eddb7aba5d52ead6a15e9570796e2a6d513b51269eeb4b435f3dbd6fd10468fe17b88f25b2d55fee217bf181e9d0ee7e2b5e5e961c276b469ed6e7b49e90d9d79943c3b0b31afeed74d66812f154bc92802b1cee7c592b0e8722fbaaa59c721d2e383d836b58c60122b8f3ada190f5177ab256559c43958634e447f40e39cf10af722e6cdcba2b408dd1b7ad27a742277369fe118c49a7bdfa29674bd6f751bed6447f644c65e0d688b9dd62c264dcc7527756523954e4addba1fa298394ada862d5eec3499a7be894635ecaf619dcb12839bf3cf3fbfefd39fa53674d2cc8c7eac37302eaa15a9ec4e6af062c1b681347cb1ce6729da9a905477da978ebeeaa2bf6028ac959e327a8c8baea3a65ca4ce3a6a7970faf225ae080e5db86e55ead2b4bac83274d6a5d35a96e89bdb48db63deade6e3b9dd2fd7a3d02e4bd42fca01d1293bac59d7c15662df8a78bb6d7690b38e45f16089954759a369b2b04c5b6685008ec65daf7ce52bcdf359a26adf6a1fde2b4a6de81ffbd8c7cc372d2ed2372c57c80a731e575e7965ee2562cc5b936ef73080b08e43f1b490e82dbe4f3a5179abf5e179c45a729ac2b09efce4830e30cd6950e497ae7943276dee8d1c736e65e2961824f8885d6bdcab05ebcdd396a8a5893d37a84067195ad6e94c0c37cf5e1d5e14195b5b562741c660fdfaf5e6b992449d55a72b9edaa1d486de2ad54e1104958d799669b1ac8bddc4acf365d1ead5abc3330dede493363a8c176e88dee0cd9c7972cb94f3ead213d7bb4237dfd94d1a928fd099035f70d0214d23cfbbbc6e71e33c73264c0896ce9d171c306d5ab0ef8449ee5c6c31abf47bf5f8ca57bee2b625b5ae89ad9456f44cc171b4c73ad1b3755c16d1abe38e3bf20d183ffde94f0763c68c31cf6709ffea7557ced21afa2f7ef10bf34df2a208224fe314d69c9306efa490c32bba1739f326d63188947c95da06d681a2cc9c48fc9c2396cbc453e40ddd996fe302992722a7427eee94bd83717b8e76f75fba70b1dbcaf5a20b2e7411bfd7cd3726efc025ca0d6da6f34c69b652b46b1d51739e54789208d0e2cd69d2c0975efbdad79ae78a8b75f8bda6b4864e5182f526a156eb17e3b0d63cad814c5cccd3a415c931baa3752b90ba493bf62d6f798b3b4e749f22cc9c39f0d72e9c6f9a90345c183a3baf65edff8e0e98382918b7c728f7396dd9b8c97d66ea075f6fa8306f77a7372f9a7645db57b74a81738db6fe6e89a9d49b6fbe395734fde0830fbaa570d6f9105d3ffb41690d9da564690d5fb28c7e3807bd7ed3ce1317c51dcc93b7daf777e3c68de1a3a46f5dca3cfd73cf3d171e29ba0585584966ce1cfa59471d111c37ff10b78e9c63a852a7273b15ebf1e5676c9ef2eee3d605db962d1df879f23431879e56051f15e6bfd798a1257fe79cb55d263e80d0798e465dd675b295aebffefaf02c41f0a94f7dca3cc68b7975aacd694c9327237bf8e187bb5d2bb342373d0af8e2fec2d440bfaef9a59e433ff8e08387bd5151b1fd5fdad2b0fbefbfdfed6d6eddd7129be747db10325aa302d33ad6cb574c92866194671d83aced58453150c94e77378c02938e1a33cbc930706e6389195b96b66a0a6389223845eded09c3df3b62e49a131f6cb8aed2202cebea25c42e911ee6d0d3e6b1a969a2f2ddf3f8e38f0773e7ce358fb5c434293b67a6f5978f43311f59637f8e8f7ce423e12dbda7d486fef18f7f7cd89b1dd7962d5bc2235f8614385f00ebf824b1fb8e4fa147a1994c5a253ccb207c25231ba458c720aa369fd585ac5048d54e9938b4e317623df8b98d681b118d4f0f0bab88c6f3f46167eefcdc1547b8b5e483b0f4ac9b624e7dec1ea382c9e327aa9b9c1806c64ea43d63c60cf39ae975d249270d5bdb4d1d94759c174d61e2b0aae9f2cb2f4fad9e8feba0830e72ebecb3c2126b3692a1cabfd78570514a6de8347da167aef5867b11897bd8d424cfc6fd13264c70bd89d3a0edab755f2f1a1600f33b49451a6c964f81882816d2b6ac57a6908a822a6fee88e56a79a271a270a5d78b93df5e957972a5d745125ce331f6a38f3edad52eb172699f7df671fbb4c73752c128478f1e6d5e631185d269b555dffdee7783850b179af7b5441f7a96c9b13b5b56fabd694ba90d1d68809f36b222adce317c01acdb93b475ebd64ceb0449bda4cdfb307fe21b09d0d7377a1b5f3eba1869f394deb0fdccadce4448ad5ba66d092357257bb19a3161687ff579b3e63437b941b47ef5a215ac8c5e44c1b0d30c91547af4fa1a1503812cab9e38ff75d75dd7b2336854a4d3e3838bb2527a4387cb2ebbcc7ca3bdf214bd31fa7bf8e187c33367832d54d3760da23b10cbe228c2639b56e6e389ec5b6d06208a03331ff7ea3d32b776a5f04d1179b162be9cce703e4b82a8828fb7778d6ad1a10b5c41a3cc5db4226d3f7682ae68157c2bd83593ac80752e4b780c057014c295994a183a8d6366cf9e6dbed15945b5e379e79dd776b49c56c98ea8a804467218bbe81ddeccb3ce95cbccbb23e6cca9666fd55886db59874e2ff7a8d113b9cbd84512548e5bd75e2f9ad250709787db6ebbcd2d89b3ce6789a56a2c592b2b953074d8b56b97ebd76ebdc9ad54c46e38143da46deebf78f1e25c9591a218683c8219e4d97485863196d148fd915bd2d688e27dc4ce3ef542586459cf7ef2c927e76abb4dc7cfbcbb79d25c86d54d65a332860eb452b5dedc2431f74ebabea8fd6a1f7df4d111e97d7ab67fe8431fea7b31c420c2851f13c833678eeab41b5a9d74c0c489433bb28d9b205317262c2d8e5e7f93c4d4e79ffff99f87f7cac63df7dce30a98adf35962f95cd9a2f54a193ae9f2a953a79a6f6e5c54c7532c5734d16d5359a2f0c31ffe30bc45f41252b333f6d92f58306d3fd3b4d32443ef8d48c163d293f71ce57ab5d325ceb78725ed4e0f77fec66d51f9485d88384cbfe6d900e698638ec9b564f897bffc6570fae9a79be78a8be08e0d69ca44a50c1dfeeaaffeca7c73a3fac0073ed0b58899a2081a15b0139ce81ff4f91ef7aa3ddada49edbcd52b46988fd43d512c87b153208759c73565c2a411cb0e11bd068488c3f4679eed5aa968bfe1861b7279027bb5efdd18705ae7f32a635befca193a9c79e699e61becb573e7cef0c8eed0cfc6012270ddc6b8e0d309ce32ec2cba62c3896e0b54cb80a4ee89f9728ae1c684c570975f7a59f8a9be0ce976cc5c1bb3882488d469e6c57235cb032c51e7f4f4d34f876768cd6f7ffbdbe0dc73cf356bb7288e2be32aa64a1a3acb13c68f1f3fe24df6a27d1f5dde443dd97cca29c1fe13269a469d57f46c5747b8de8ba87df6f8a1f43a5baf6ace5cb4c377bef39de090430e317dc0129d3fafbcf2ca5c75558f3df6583073e6cc61e761c3993252494387cf7ef6b3c3dee0b8962e5daa48ba86d0421413c853d5de4a4ac1f74f44ec14c24d1c3b5ea62eda82ee704cb3d2c7ddf2024bf3e6cd0bbef9cd6f8667680ddde27c46800af7b252594387531a919af56179dd749352767563d3c92707f3a64c318db913a950ae7fa2508e863413c78c93a98bb6f9fef7bf1f2c5fbedcf4024bf426a1373c4dc1b24237ba322e57f354dad0596b485736ebc342ec80c656a8a21ef8b9f36d471d619a7227621f74cca5555314299bf24e639082a7686ed6b4e96a2e23da86ac2cbb9db185a9e50996a64d9b167ce52b5f09cf506d2a6de8c05a43eb43f25abd7a7578a4a83a67bde1cc60cae831a621772a22742245bfac4aea4cd426e4cd7af0de937e674e5da62e3a81ae72ebd6ad333dc1124bd0ce3efbecca77f9acbca1036b0dad0fc9ebf6db6f0f8f1455850bfcc4d1633baa6c4f12d5ee9809d5d796d148f9c46637febd7dcb8a237345ebcca9bb2ccc196f083f7921dae7939ffc64ae1d38d9ec2bba8367d5a885a1d338206df79c3df7dcd3dcef5c54079630d1afbd9d75e76962ef73bfa9c8aa19fb0717ae5da5aaf70ec57b187d8fdf7be2fa5cbdf359b38ea96bd99a28829ffffce7c1962d5b4c6f4812c773bfaa510b43071a07581f8cd7c68d1bc3234515a12bdcb25933871945a7f2f3e653478d7626428f77fece1af5d72e9c3fc268a4d6e27d8bbfcf880d71f2acfbe733c1d459d5204411107913815bfe6089c89e08bf4ad4c6d0e90244e300eb83f1fadce73e171e2daac403f7ddef2eee9734223dcb2cda110643248e91b3e357344dec85b16f5bb654117b46f13ef1bec6dfc7a8582298e5fd246bc2e73269dc04cda78bc2608e9cb9f2ac5b6eb314eef9e79f0fef5d7e6a63e84017201a07581f0c9a30a17171f8f5afc3a3455538e6882383797bef6d1a44bbf245700c1498b73d6fd50af3388449614498be653e75d6698d88fb8d472e6f2a29758e49935ab7debfb8382ecb7be98be48e39f2a8f09b20443150d54e75bbe513517df0831f0cef510d6a65e870c51557981f0c5abb766dae6df544ffe9462319bf7d2af3e66cdb89b95bc759ca1a615659bc3ecc3b29da267341b1dbe6c6fb86d28e4d12c76799573f78d25eeef37fe3f6b3c36f8410c5c0fa73d6a1b31eddf20bb66aa5694d95a89da1d3d28f2e40d10f86b9903befbc333c425409179d17d848e6d246748851f8b6a3ac3b678995756c9230b4ba36a2618a21af3977a22cf3eaac3ee0b3d2662da21bd031ee80030e18e6197484dbbd7b77784475a89da1c3dffddddf35475d55ad56142fcf9dc7a3730c67dbf225ce5431843c064454888973defd468fc9159dc755a7cd5d4881e71dd814a52cefa32f9293a98b6e4020488f773f657be9a59786b7548b5a1a3ad0dbf70b5ff842f87fa26ad00274d2d871c131f3e68e308078053a29e22b1b5173fcb8b87caa9dfdb9e94a46e155a72656f56af856e9f55e89cc00cf87c116350df1e7e99716cad44537a10eebf5af7fbddbcdad8ad4d6d0457561de7cd2d8f16e47b5f8ba738c3b7eb147ad226dee8779f9c625a4dc89d6ad63f30823ac62b11ccf9979f07e1b7954f404e0b9510cc7e78389479f73d4d4afdad1dd2d9285a8223274511ae8d5befdccadee824d55bbd544262d3d9b56a9eee7bc590ae5a3f3b4e3f388aaed2c85723e43d00bf17c78af88bec9424465bd86b2c87fbe14c361de566f7da64af88e50fdae75ea42bc8c0c5df41d8c9c2a662ed2931b17eba4f6ae49d1b95752947ee1ba55ee765f31cd7f8950ad63db15a6ee070d7161ae44c31c67dd5ea4782c2af1e3cfaf4af2a64e94be6763f045c41e7f9d0b264f7603333ecf335efb5a19bb100d64e8a26f7ce1fe0782cda79ce22ecae31ad1d8b10d434c6bed9aa5780af38ede279a12273a47fc9bf46ef4b8a244044c54ecd76f63ae3eaddd6a40d2a97a5da1de4df9256d44e3987a7c5e9d0ccb9c09432b15268f9fa86d5785682043173d8582a675abd7b80b31629e9c88dc1b3915ed49dba366496b730c4bd3fc7d7c9a3b1a9df3fffd303edf6ab65d3108b1de03ccafeca9f4bce2f3f1af955e017c76531ac63d73efa94efefbb376d56a7592132244862e7a0ee951e63fb920b3e1caf259339da9d3da75fa844966cadda7cdb30823c0fca2a6108dce89f4e3e7ef8598b38f3ecfb82cb38e8a0101af89cd4f7cf49fb53b5b15c5ebe475338f4ec7386fe05b36360cfffd3b14950b1143862efa0617e48b2eb8d06dbce2232e74c1fa35232eee9d2c0f63be95f3fae8bc5f26985614879927cdc17b59e7acbbfce7ce7c3a9fa14c5c886464e8a214501877ce59db5dc41ebfa81395c6cd2d8f5877eea3738c33cb9af56e286ed8d10a6e8c6bd00d9dcf99cc8a6f1ac400c84f5330678ea1f31d1142d8c8d045695879d4d1e616a979d2ed71f9ae703e3af7c230308bf8637553f1947ab47adb1b59f4f6a878bed639eb208c3cade0d1bf6fcca52f38e890f0db228488234317a501e3ddb068e1880b7e9ad1b51255d27eddb9753be78e3f5e37e47bc847458f72ff6fa601d252f27535745e73abda012f9f7657119c10363274510ab84873b1b67655cbb22b97254c9c254f51e3b4d48b22b978411c99030c8a7f63681c53754327d2e675f23a7cbadc9adee06f6424f276d8f3b5105a732e848d0c5d94022ed25cace3ebd03b993ff74bd5ac6e6371c5d7af17ad7851df0113273a83e2dfdcc63171d38f6615ca6ee8698311c4a08cd7d0eee00cf9b6bd6cda238418890c5d94026fe871a3e864fe9c6238da875ab7c54594cce021fef84529fe783c2f3f874eb4ca31f175ead1662a653574a2ed4e4c3aaff88eb0644d08311219ba28057eabd4b861b48afc9294540c97268ca91b15f056ba9d797dffff7e191dfbac478f8b1a3acf2d7ede7e8ac10f9f4dd6f9efa2244317221919ba28055ca42d436f77fd39296dce97540c97261ed3cf034745249d342f9ca6f86b604e9ffdbdf977bca77cf4389f92f78a1e5794783dd1796f2ffec66d51f9e3dafd4c8a109f29bd0b84102391a18b529064e8a49aad0b7b2b91d2a6c2ddbaad0861c4985bab343de61fbd9f2fd4f399034c327a7c347ded8be6bca2c77522ccb99fa6dc8958ba46b73821c44864e8a214d0e3dd3274eba2de4a3edd1e8f70bb2152ce71538e0ad38f1e8f494797d1717bf4f8e87aecb8a1773a1dc0e0a3cc466eedaa161786bee28823c36f8d10228a0c5d9482a4a2b8f8053dcb459fe8373a47dd0bc58d1961a0d139664c7cdcabf70cf6da63d4b0fb9285206ae63ed101804fcb7bf963da11c585bd9eefce2b0662ad6a1e30f4e58b9784df1a21441419ba280596a1b76ac692248c30cb71452b6eb8f18638074d9e1cec357a4c30be61eaf1ed40bda22977cc2b7a9b3568e03111b7218c3bfa379e43def5defd14b50f6983363ed749e32684df1a21441419ba280596a1634ad18b3917fa781ada12e7c912c917ad68257a7cee9ce873fc1e7b06d76e3f23b878d34923a2744b7143275deecf9d656ff82a8a2c06f50f49c58c7cfe7cbe428891c8d0452960172d2ed4d14e717143e7624e0417fd5b5ccc9bfb8d58fa213fcf1d8db4d1dc4993825993a7042f7df6134efb8c1bdff2b5c40d9d48dbca5ad44d642f924c5ddde2844846862e4a432b43e7229f94aaf62225db8f74bb974f7547ff46b680d776ebdbdfd834f4bbdf7d7e30a631f0488a4411861ecf34947d1ebc28316d326dccc8550afebd54b7382146224317a5810bf5eb962d4d34746e6f954a8f7660eb87ac54f8fee32704ab0e3db869e65e6b171c3aa2f02d2a0c3d4ba53ee97cebefbd5237de6f063a14365a532c7c0fb4165d8891c8d04569387cc161c1b19116a751432732e7421ebdb0c78509b44ab7f7dafc7c8af8a11d978c30f4e76fff882b904baaecc6ccb2d40ca05e2cd14b52abac49bbf29f79fcfd61a073e8010785df1a218447862e4ac349c7ae0f16344cd93274e69b5b2d45c3d4d2d2ed187ebb869e961a4f12f799327a6cb075d5d123ccdc0ba327f56e3d2fcc3c2d828faad57c7c9ee79ff7b5b67aec4ec4e71937751e8fbffdf8d967c36f8e100264e8a234d02d6efa8449a6a1b3d1cabe2da2550c302dfddb4924d9ce40c02d531b35c645e296997b5d70f271aeea3d6ea40c50984288fe2d49adbae2657ded3c873c29748ecf9a456847bcef98379ad130751ecfff4d3ddd85188e0c5d9486f8062dded07dea75ff164d475a995aaba62569ca3b18c01479ce2c53b34c3c2e6b3eddbfeee8df92c46b4f1b74647dfe795f27838ebc117a5a06c0ba8df78076af93c74f0cc6ed39baf17893dc7b3571cc38b78fbe10620819ba280d7ee9da05ebd73843f7bb8f119df3f7f832aeb8ba65e81865dec2af7dc68e330be19244143faf61a6f1ca6e5e771693254a4e3b2e6b149df73de23dcf3308c0b0d38ee7b6e8edd1681cf3a6188efff752942ec4cbc8d045a9e0221dad74e7e2cedfe6ce9c1dcc4c31020c37ad308cdbf3184f547953ca7e8e77d7b53b4cf34e9265eaa4dcb33c3ec7a41d97f535e459f28739b3d14c5ac41d5796a981e8e7e43fffe8ba73e6ce317622f6c91326294a172244862e4ac5114b9606cb66cd6c1afaccf1e383c9e3260437df785330e6d5c9117a2bb3c664f3184f54794c8e8183ef086799762bc54d9dc7ce328f8e61a73dcf2caf81f727abf1238ecdd3c487cfa0d5f9f91ca3c7f0bc31f424d3669a466bd2851842862e4a0529d4bdc78c75667ee5c693dcc59c68ccb7868d5efca36a9512cf63ca5171de3c73c47953ed9630f503a7eee30ae54881f3bad3e6c71126983625d12a32463c56d6e56f3e3acffabe62d4987fab4155dcd019cc2c3c647ef8ed1042a4214317a5c21bf72527ae77a977fecddc3a6956fe9d64dc6946c16ded1a3af76b65a65ebeaafde95bae358d3aaf362d5b124c6c983aafbb55649b66e8bcfe56f507a855615d547e5aa1d5400a71cee81ef0698a46f17efe5c4d6484c8860c5d948e09a3463b339fbfefbec1acfda7877f0d824963c7b755d846d49935f28c2b8b11223fd71b6def5a84ae7ac369c1b857efd172ae3acdd0796e59063459d3e73c0f9e4f9635f21c4b949df57de4757843f7d90906744288d6c8d045e938e5f8135c8399b10d2338e7acede15f8360cbc64d9952c771e5893ca3c208b33c1ee71edb30ddb406329d8888fff0d9b382c90d03e53959cf21cdd0a3269924cc33eb7bcb71186d96f7945a001a02657dff790dfeb9326060102784c8860c5d948e3b6fbfc31906a218cec3bf278eca6fe859a3c3b830ae2c91fdd4d163834533679a665ca488fed9a56d6ae379c58d9de79af43a31c656af8363b2643f7c26a2d500019115e0d83cd911b204feb59105880ee88410e9c8d04529c1b83183e87225bf4e3dcbbcad1766d2eefc79ab3437a20a9fe774dbdbdf145cfebacd4eabe71f626ae3b2a5ee38cbacf308639fb0c72837bf4e9315a25fcc3c2905ceeb487bcfb83fafa1d56be5760c97147aab637dba3c8bf17bf9e7c17f79befc9bc19d10221b3274514aaeb8ec3277418fef7bcd9c7a1e83ce1a65c7c57d5a45f6be302caf16cf9ad9b21d6c16b105eb69472c6b98fb9eeebc96797a638cff3d2adea32cf3e11cc3b95a0da8bc99735eebf624f17efa7efdfebd55bf7621b2234317a58475c753264c1a61e82c6bcb9376cf12655bc2bc3015eb36e44dab5d1565ea5efb8e1b6f3e5f4c3e6d604234cc7bd42addee5f6fda7b82da3573c47beefbf53368d3fcb910f990a18bd28299c75b7bfae56b49c561516589b22d3100e031303beb7622d409613bdab85883eeb561d992e0b2d3360e137f8b1e5394a9f3d8d67bd2aad31c6d755b35aee17de4fcad76bba3008ee3e219942c032aff9e4fdb6b8afb7f3eb723972d0f3f7521441664e8a2d45829d75547afc81401724cab88d212f7495ac2859953d14e11dc79271cebe6b3adbdce7b29aae031c3f800c4cf4927a5c8b344dddc97089ee392d2f23c0e83028eb1227d061a59e7dc11c7733e366411426447862e2a87af826f6512ad8ac19284995bf3f4deccbbb53cad5d31a0e0fd883f5f22f3a4a8da1be8ccbd86a26fab72de9b39e7e018cbac29cae318deb3a4f79af35ad983a8182cccdc6f7f67e2fb4e98e41e4f1baf08910f19baa8245cfcd352c9a48993a2ec34613c98493cda2dab992352f9d6d402af3f9ec9601074c0a421c3f4fde689f04f5cb2d0fd6dce84a1f794f70fa3265226828fbf273e8ae6ef0c7ed206571c9bf659219e2b4bd458c9c0a62b9c57862e443e64e8a29270b167b396242321e2cb530defc5fde273ca98f9b8c66395d1ccd1a6654b4718b79ff7e6b9f31ef1ff2cb1e375cc6844d56f59bd22b8e10da705bb6ffa40f33c4c1f701fcc95fffa7346df13cc39ba9d6dabc81b714c5a2d03cf8ff3f99e0398fad2858b65e842e444862e2a0955f054415b919f3788a4147092bc094653cb3e355d563347f3f61eb9810c26ccf39eb4e7d07f31e923e6cc0eb61d754473273b2fcbd4a3ef2bff8f897b23e75c56fa3d4ddccffa3bc2f0b93dbea221feff42887464e8a2b22445e969456d49f229758cc59fefe0d0e04969470db44ca24a9ee7188d94fd80868a7a0cfae4f90707db1aff8e1bb91791fa2f3e7d6bf39cc72d5ce0cc9b73f9410e22cae6fffde3e411f3f049d1bc4fe96b5f73213a43862e2a4b52948e99b79ab38d2a6ae6a49931c4fd1bf79fd4887269de1235d0b2c92a88f35905e6c63fdf78fefcedca0d279866eef53757bfaf79ce5dd7ee70f767ce9c7361b8f19a823459c6cd6020e933e1ef3c9e10a23364e8a2d2c4a3746f66590d286ae6887977e6990f9b3ebdb06d50bb29b207f1397f5ac2129d73fba90b0e0d4e3b6cbe69e251ddd988e4a3e7ddaf61b2f1347e16f17e5a513cef6bfc797a31883a64de81e1272a84681719baa83444e9b483f5055ca48ae30562498ace8f1f3a6d5ad3d48b48b11339a3ebce7e43b3c73b3affc4f5237abc7bf36d47ab0e3d68d8ebf5f3d13cf60f6fbdc1fdeddc15479a261e1569f7e879d736060259dfc7a8784fad48dca7eee3d32388e85d4d6484e81c19baa83c0fdc77bf330b3f179b3457eb85a94c6b448c1ccbd22dc4bfe9dc96372a273d8d696f5bb5c29933e7c92bbf7cac1db1490b26ea5f1b3bbff13ab86dd73557b8bfbdfbb8b5a689c7153d6fd252b856c2cc2d43f7f3fa56f4cee3a8898c109d234317b580ee7118462b13c250c6bcead5aea10a668c81d3f18d7f470d2d4914a1b1631a3ba74d1e333428e854eda6f6fd5cb7afe6f7031aa273777b0e43bffe8c53879dbb5d43a7bade32749f0d99bdf7c895073c8e96a809d1393274510b7c949e3477cedfe986c6311878de1eea982e51782b135f3c7f516370b1d2d48a238e76457cd1e33bd9479d0af6d17ff42af7fa3075e6fe796dd1638e9b3b3b38fb88e5a68947755facf82fcdd0d3ea13b88f65e8142afa8631f1fbf33719ba109d234317b560f58a6382bd1b661b350a8479f83dcb571c7c60e648dc0be367dedb1bb01706fdbe4bae081e7af09160d7d7bf19dc76cbc7dddfafbbfa86e037bffab796da76c636773ca66c3d6e169dd6306a2262d2d9a4da191cc4072a3b369f146c3cf460d3c4a38aae45479c3bc9d0794cebefc83274061bbc565af6ce9d393b98138bd2b94d862e44e7c8d045e5a10109a6109d3bc7c8fdee5fb3264f69a6a1f308f3679b53ce81369cb821b8e7ae7b4d83c6dcfd71975cf45ef318f4bddd3f680c3e56b9e31634cccd7adcaca2121d739d3c6a8cabcab7b20e7f7ace99eefdb04cdceb23678d9cc33f7cce2c33d24669bbaef1bae2f7a3c27dd29871ae80d16752a273e9fcbf0c5d88ce91a18bca138dce31f5a691ef3f3d983b6356b3482c8f30f3c90d13e23c5b4fdfea8cd832682f22761f9d729ffda64c7551f8e5efbd32f8cca73ee7febbf1a48dee36c49eee79d3fe513105e0cf95368570c7dbce0ed6cc9c611ab9d737af1b99b5e0bcd162bba8789d498587dc2f6ee82c57db70e249e1a715045b366e0ac6375ebf4fbd731f19ba109d2343179586fedf18020561983affc6c849ef0246c1dfe2869526cc71ced47d8245872e74e974cbc0e3f2868e41615444a5a35f39d4133dae79fbecd776219c17cf91ac43ab41c145c7ae4e5d871e5f7f8e68a6c3f38ccf757b5969752fee17bd8d73f037dfa71d88d4e9d53ebd31e8f1d5ef3274213a47862e2a0b9b784c1a3714113b23993eb369e49e760c7debea639c99fff4d9174cf3b6443ade1bba17ffef9f9bd7d6756b3b8accf3e85bd7ed74cfe3c275ab4d33a7b2fd67b7df32e27ea71f7d44621318c4faf4f86b45de9ca3d1bb5f7fce6715c5efaa36b5f1f9513077d1051786b70821da45862e2acb8a238e7466c192b5b8917bf21a3a66bbe8c0434cd34e1373e8a36326e8374841eb162fee382acfa37fbef3a3c186430e4a8cce31f31fdd76e388fbf9547e52ba1d1181b3b56afcef1839f78d76982353c1df2c30758ae4b89dcf5208d1193274515928866bb523575e43bfedc2f35ace975b2235cfe3b09f381abfc7a860c6e4bd838b4edddc5323f7baebfc3705c7cf9b13ecdc7c8a69e6f1aa76af05fb4f0fc6a544e7c8af298fffdd1b7a34e54e249f66d63efdaec63242748e0c5dd49a73ceda9e6badf7f7eebdc734ec3461e6975ff49e60d5b2e5c1e9ebd605d7bfe58d7d31f1a8a86e3f7dc9c211664e45bb159923d6d963c8be514d92bc71c70be3bcd11f38e5e5bf13c96749a753fd2e84e80c19baa8356b8e5e91bbcafd370f7e36f8cd5f7f2978e96b0f072f7dfb5ba6b81dedbab9bfc69d24fab8bf61e9a2a691dff6a66d6635bb9737f3b454bb972f748b1b3a91397f9f19fedd2a881342740f19baa835184a27bdd2eb2e6a068e39f8a0cc66eec5f1f1beecded0a74e1c3a8f8fe45b4d8b08218a41862e6a8b6f3893b73bdca088e56993468d71ed63ad4d53d2c4fb1a9d2b47bea21d119dfbdef2cc930b21ba8f0c5dd49673b66e0d6637a244cbcc06590c707c544ed15ad27af3b4b974cbd07d448e88f67dc42e84e80d3274514b7efcecb3ce4c946e7f59ccab6f5b79b47b5fa8648fa6d8e3f3e1282d6aa7fd6b92a1b3148d5dd558b6b77cf192f0131142741b19baa825a76ed8e84ca5574d5cca2cd6a4efdc7c72b3f10b6bc3f977d48ca36bc7bde2861d15917dfc76bf090b55edfc97e634f4081042f40619baa81d3499c1509823b60c6e90b4fbc6ab83f71cbfcead3d7fcfc6139bdbad4645246e9937c61fff9b17861e5d9ee6c5fbcedaffc961073fb57415a277c8d045ada0fb1846b275d5d1a6c10db2ce59b3d2dcfa9456ae96a1a7cdaf73dbe4b1e347fc9d543c11ba8fd265e842f40e19baa80d54b54f193f31d8b06c89696883aea42d51498d2719ba35b7ee6fc3b0e7ef33dcf0f93bf3e6be8621a925af10a27864e8a2165cb563a722f3169ab5d76473ad39ef9bf5f72c861ebf6fb4773b5dfab4065d88de21431795e69377dc19cc9b39cbed5d7eabb115a8f4b230dab841fbb5e3967163da56b11cf23ba461daeefefb0d15d961eefc3f531f44e9f15dd68410dd43862e2a09668191631e44e5aa666fad590db38d1a37f3e3e35ebd47aaa15ba978c47dfcfcb837f5398df3abddab10fd43862e2a899fa33def84634df392462a3e87beefd8b1c1f8570fa5ce2d43a780ce2aa2435143070c9cbfed3b6192fbef49eb8f0b6f1142f40a19baa82c5b4ed9e0cc43a9f66cba78d3494d83f6a9f6d72d5b1a4c9f38c98cc4f91ba9f5f8dffd7af678144e7a9dad50b96de298716af92a448f91a18bcae2f6d23e6c914c3da3d8d295f78ab4f8d4316383190d236727b663e6cd0df6193d668471b39c8de3e3d13bffcfdf930ade88dcb95d15ee42f41619baa83432f57cdab46c49b0d71ea3dcfb45748ea15fb07e8dfbfff89af3bdf61cedfebe7facc18c2f7c4bab60674a44862e446f91a18bca83a9af5db9d2990cfb7a5b46260d89e2c1fdc60f7571bb72e349cdfdd20f9c3a35d83716a573cc94d143cbd0a2ad62a34bd38410e541862e6a83afb696a9a78bddd60ed87b6ad3cca3517a744d39ffff96d52b5c257c748e9deaf723972d0fdf7521445990a18b5a2153cfa6676eb9d6f5778f9a3a29f8a8a9f3ef630f3dc4694c581ce70be258832e8428173274513bbca95f76da46d3cca4217df3ba1dc30c3d6aeab3c68f77ff5d366ba64bcdb3bc0da3cf327f2e84e80f3274514bfc9c3a95dd96994943facb4bdf39c2d449bf5301cffbb7cfd8f1ee6f3e4a9fbce7a860e67efb87efb210a24cc8d0452df18d67d4dbbdb5ee7bf7f9234c1db935ea132606db8e3aa219a5f39e6a073521ca890c5dd416bf85e7433b2e318d4c7a5956a4eee5abe189dc317519ba10e544862e6a0bcbd9d84e75f5fc434c1393866bf74d1f18512817174d68f61a37415de08428213274516b686e42947eedf6334c1343ff7ce7478387af7c77b0eb9a2b821fde7a8379cca0e867b7df12dc7de1b9a699a34b4e5cefde4f358d11a27cc8d045edf10572d14e7218f7a7def1e6e0acd72c0dde73fc3a67e651631b743df3d1eb128d7dc1b4fd8239d36786efae10a22cc8d045ed71ed61172c74a67eeefa35c11b8f39d2ada9deb1f9a4ca47e43fbaed4627ebb622f48b4fdfea96b731c77e676340842edb74927b2fb5744d88722143170301a67ed179e73b23da6fdcf85a44e45fd9f1dee02367254f2574538b67cf0eb66cdc14bebb4288322043170385dfb79bf6a79651554144e4b7bd799b4b7f133d5bc7745b4c5ff03eb23c5008510e64e862a0f095ef8b67cd741b95586655661195fbb9ec7e45e75e93c78e530b58214a840c5d0c1c0fdc77bf8b2e372e5b6a1a5519158dcabdfa159d7bd15a77ca84495ac226444990a18b81c42f67c3d4cb1ca9ffc32d1f0c6e7feb39c38c1c519c661ddf4bd15697f7504bd8842807327431b078532f63fa9db5f11f7afde6e0e2e3d68e3073c4b232eb7ebdd6d6d5c704f366ce0edf5121443f91a18b81a66ca68e915f77c669c1f6d72c0daedc708269e66588cebd68abcbfba7256c42f41f19ba1878a2e977cbb47a218cfcc3db4e0f4e3ee880e0c275ab4d23f72a4b74eeb56ac1fc60ddea35e1bb2984e8173274211a78538f7693eb8530f25bdfb42d583f6776232a3f3cd8b9f914d3c4bdca149d7ba52d61fbfad7be364257edd899595fb8ff8161f71542242343172264ed8a6382397bef6d9a56d1f2467edcdc39c196058706979e749c69e071f53b3a27c58e2e7fdd662736be4118fabc597382a50b17bb7f5b9a3c7e52b0eae89519b42a58b56255b0baa1c50b1699e7423cd6da556b82376e3fdb99ff876fbad999bed6c68b4145862e44888fd2bbd974c61bf9f1f3e606271e38af657a3daa5e46e798f66d6f7f53d3b4e74cdd6784a1ce9936c319f0d6d3b706efbbe40aa77beeba3778e8c1479cbeb7fb07c16f7ef56f85eaa7cfbed03cff6db77cdc3de679e79e3f3410680c00a2cf6fedaad5c139676d7766af397e3108c8d085883065dc8460ebaaa34d93eb44dfffd3eb828b4f3e2e3862ff69c1bab9b383f356ad304d3b4dec84669dbb135108e8236e6a08e2c63d67ff21d3c638afbbfa0667a4bbbefe4dd36ccb2206123c4f9e2f66bf78fe5094aff5f2a2eec8d08588b0f3fd3b82c963c61556f1fe17ef7a7b307fbf7d8799243aae11f55aa69da4fbde7dbe79febc22fb40e4bdad31a0583267eeb0e784716380deb82db3acaa48f7d3f657883a23431722826b0ddb88d2cf3be158d310b3eac36f3e2b98b4e7686794e3f718156c3ee14497f6ddfde493cd7ef21b162d34cddb52bbd139067eddd96f0836bee6f060f2d8f14df35e7ce842972a276d5df688bb083150618e5f883a2343172206513aa6472ada32c93411fdfab4f541336705ef7bd7c5e15987c36360f4979cb8de34f0a8f244e7746f7311f89a95c30cdca7cd89bc9987b64cafce62d0c2fbc0804a88ba224317c280fdd3278f199ba9408ef43c73d0dec829c6ca528435739ffd8265b3669a261e55abe89ce7787e6360104da1336f4c544a91da201ab8a539d367b98194107545862e8401a9f725f30f73f3e9a4ac2d23bde7ddef7073d1de44a9a8ce130152554f947ee5c6934c234749d1b97b6ca2f0714351f8e4f1139b297419b82dde1f065b42d41519ba100960ea5b4ed93064980d63f76baefdba6b3477c64c17f5b5b3f699f34f1a3d3678ddb2a5a6995f7fc6a9c3a27367e2eb56374c7c827becd98d889328bc6e056cdd12831dde3721ea8a0c5d88161075b3ef378d67d6ae5c196cd9b8c9997811f3b1a71cbb3e31edfec895ef4934f14128642b5a7e1e5d6bd2455d91a10bd1477cda3d6ae417ac5f13ac3af08066519b4cbc38f17ef29e0b514764e842f41152f5980c26be61f1c260f6e429eeff89c865e2c56bce0c15c689fa224317a28f90fec5c0bd369cb8c155a65b6624752efac3cbd0455d91a10bd16328866323111a9d60e22ca7a23b9baad3bb2ffabdabd25dd41519ba103d82f43a3b834d99b89733729651a942bdb7a2c18e0c5dd41519ba105d86b4fabad56b9c89d3539c8e6dddd8894c6a2d19baa833327421bac427efb8b39956a7731beba02d93917a2719baa8333274210a243e3f8e8128ad5e1e9d7feef93274515b64e8421400467ed58e9dc3e6c7b5e4ac7c62ba43862eea8a0c5d880eb08c5cf3e3e5950c5dd41919ba106d2023efbd7efbf3df04bff9d1f32feb07ff14fce6896fb716c771fc732f3843d7bee8a2aec8d085c809c56e32f262f5db7ffee590e97eef1967c22f3df668f0d2235f747af1bebb86ed34d789ee7ef7f9ee736b67331d21ca8e0c5d888c3c70dffdcd62373abac9c873aa1121fba8faa5c7770d99f583f798c6ebcdfca5c7bf11bcf4ed6f3945a37317ad5b8f91a4f07e9c67ceb4196eab5b21ea860c5d8816b0ab9a5f47aeaaf5743523eda79e4a376d6fd818f5eea786ee83e11be72c5a7e1b5545e9a26ec8d085488079f2775df84e77f1a73dabd6914784f962c2d1f478dcb41fbaef65d37efa19777ceec8ba4be2f33c75d3e6f09316a21ec8d08530f0f3e4beb3dbc0f6598fa6c91f7d78c8a4e3c68d693ff6d597d3e23d8ab43b11591645e9a26ec8d08588c005dea7d707659e3c9a2677c68d41c78ddb47dbe19cb68bb6b99f71beaa88285d73e9a24ec8d08508b9f3f63b9a51799db7306d1a7823f2c69ca36a2ef1aa48a4dd8934972eea860c5d8806ec82e6a3726d633a389a33635670d1051786df0221aa8d0c5d0c3c5cd089ca55f43678621f7ab23214400a517564e862a0616b5322732eecd6055faab7c8c6f0f933dd2244d591a18b81860238d6965b177b693044b7bfc3172d09bf1142541719ba185868184374a64631832dbf848def83105546862e0616e6ce674f9f655ee4a5c1124bd8541c27aa8e0c5d0c2c1443153d775e964e68523e9d77eef9da854d541e19ba18487c319c6f1cd3dc9a93ddbe68b0e2d762c72efc59e4cee55ba31ab74be5d3aeaf7f536977517964e8622021bdba78fe2267e0663bd3a81ef9a233f9b6a26f4c9d662d356fd2520729ed2eaa8e0c5d0c244b0f5b1c9cb769836de029a2356a3bc6eebab3ed7e6aa81b9bccbd9452da5d541d19ba18386822e2aadb775c629a762bbd78df5d4351b7610a99f4f433439b993cbe4be65e22a9da5d541d19ba18381eb8ef7e77e1b6cc3a971e7bd43486ac226a773dd4dda62732f73288efc539af7fbd3ac7894a2243170307f3a42be71f629b742b31dffef83786d2e7fc7f87a6ded48f9e7751fb8b5fb867e89c9d6400a4b675f78ecb83d953f70da64cd82bb8eafd3b65eca252c8d0c5c0b174fe61c165a76d1c69d6497af46197261fb15d28a9737f7bf4ef9d8af336ce496adf99fbf71a8fade5703d91cb9634445f7f7a143863dfb133fce608516e64e862e020ad7af7bbcf1f69dca15efc3c46fa551725b734526fea44edd6ed1dc83d36e7f755f80c1ca8b6aff83ee46596ab6d605543f8fff42960e39eb933e7b8a91a21ca8c0c5d0c147efdf9d3b75c3bccc49b86d946aadbcd8337ee8ff95ab717a16695bc377797fad7bc7bd1f2350dd1bfb1810b15f07c6fd6ae5aa3fdd3456991a18b81e2e61b6f0a268f19db3471e6ac31ca4e53da3e45de0b838d9bbb52f3c509437ff1c1c677c2b88d26446ce483b12b0d2fca880c5d0c0c1438ad3d6665b0ead08387a2b0023bb961a4aea0ad61b2d6eddd9233f770cedd0f52dc7378e2dbea54d78ec22914f3b650f7dc75af4bc3cf9b39c7657c84280b327431107cf8a69b5def760a9dbefcb907cd0b75c7a2521d43a5798c757b97d59c73a75a9e3a001fbd6bee7de8b567a98978ee8521436f3118220dbfe1c40d2e5a7fd785ef5435bc28053274516b88a088a4b8f0beef922bdc85d8ba4017258ae39c2194616e1b73624ed8cfbb63f00f86cbe248cfd7d4e09d6963c84f7cbb3915c27fb3be5e3718ca3828235aa7652cdf3135a411fd46862e6a09854b5b366e7646cebca7df84a5db6aa6de638555fd9633b94684ca80c33dbfb8c1b3214d150bec78ce143262de8df7dcbd9ef0b539b531b5e22add734c9d44a375324142f40b19baa815a43e295862fd30e975da795a17e1ae2a4cbd53b866de5e0235e7de43f3f206e8a2594c9039f82c29ea5e09536627bc30ea8e3e67539dd44830f0699c236f0683256e983a0349a5e0453f90a18bdac03a61d60b53b0447addbae8f64a6e1ebb618e55496b3723f870d9969f834771936fdb2813e4de23ce89780c6fda8dc76c1a7406b9cc43e3f917f19ef3fadb1990b10dab52f0a25fc8d045e589a6d7b79ebeb5ebf3e459e452ef98224668dc5e0539634c30f9a68894315e2fd2f7a1294735ec988646a4c6db158fcf7c77c1d30579d3ee51f1fde37bc8f7f1cedbef08bfa542741f19baa834d1eaf5bea4d7d314a66e5d546bdd5e41b9489e489a75f0a1d13bc58db60bf2032467e08df7b4abd301e167d749b44f9648a62e7a890c5d5412d299872f5c528af47a9a7c957569e6a2bb2d9f3a677e1ec34744bbdef8b3889502e17ddd6088f3598fd565b59b768f8a9ef098fa1bcf3a3bfce60ad13d64e8a27250f4c645b297d5ebedaa997a6f18bb75bb545e7592768f8acc1103cf731aa6ae6239d14d64e8a2323057be348ccaa928b62e9ea514e9e9cfd62bf53e10fa51b85aa180f9798ae5f8deb2d39f4c5d740b19baa804cc43b2146df1fc45a58fca2d914a1ea8d47b4de42ae70bda498f62b9c5871e162c3df81099bae80a3274517adeb8fd6c97622ff35c792b515ce552ef059983d41bb9463c099bb5b42317a98f1d172c3d6c51f8ed16a23864e8a2b49062f7856fa5ab606f473ef5dea7222fa90dd13eb7e0e9925d5ffc723079cc3837a72e4491c8d04529a18a9de568554db127c9a5de1b119f52efd5915bebfed857cddbdad5ae5bfe24983c6e82aadf45a1c8d045e9a0e31b665e962631454aa9f70a6af753aefec1bcad5d3dfdcc90a98f9fe4a69484280219ba281514bf315f8e999b17c23a48a9f74a896c8afbbc1a266cdddeae18d83d74c727d57c4614860c5d94066fe634e3b02e805e2e5d8d19869b759862f7308e29e90e624abd574baeb77cc1bd04689cc37780624f3252eafd2e3a45862e4a41aa9963ca0d93f64bbf889672cbcd8396671ff066ea5d0d67aa213adf35be47450ec0a2913f4d92e6cd9aa3e56ca22364e8a2ef58668ee1bdf4f8aee6261e7e8ff1664b50a2efa830fdf8df486d733cd115f7f5e6cef9386fe3fc7d6df6129a841ace945f982f03b0a2d3ee6e57bec677915a1176693b75e3e6f05721447e64e8a2af9066c4cccf3bf7fca18b1ccb8430608c97e8b571012d34a2c6f83152fa8513b563ee44fd987b1fd2f3bc46359ca9868a6a053b4c7cdf19d435be93ac51e7b770f38d3785bf0e21f22143177d83f4a2af667711f9638f0ea5a11b5175afd2e2ce481b11b28b94c80270c1666ede38b61bf2911f1904eb76a944e27bd230dfa2bf9bbe9e827fd3d21853d77cba680719bae81b348d619df94f1f7b6c284a6e986aaf8c3c51444c61f4cebc7d4f22e7d0289822306f974a2397762ffa73f2532f613a9ff9f475abd784bf1221b22343177de1a20b2e0c268f9f183cffe0e7872e92cc79c72f74fd56e339b9f5e28d0b78b78ddd650858ebdc87b4bf945d5d49bb374476c847e93ef54e3f0621f22043173de76b8f3eea2e58775ff15e77712cfbfcb14fcbbbf9fc2e3d57cedb4cf91bb74b2551b7d2ee146f12a587035b6a4a54f52ef22243173d850bd4bc19b382b79f74dc508abde4661e1717f2ae4d0b840552ea22576e75a3da9ddf81fbecc35a0aaadee922b7f3fd3bc25f8e10ad91a18b9eb2f3f22b82c9a3c706cf3ff4851117b52aa95b039178a426954f2eedde85fe01eebc91cf9e659c64b2d8a448882cc8d045cff8f13ffec05da06ebde81d958bcc7b2957f5aca56ce55558c456f8e7e333340d63f77fa368540572222b3274d133ce3ae5a460e5fc43fa5fc95e72f1fe68295b79e5d3e3aeaec2b8bd13f199bbc142f81b61db6006c1d49d08d10a19bae809a40db9303d74d75f8cb8884986c2e22bd715cfba5deaab285e8c46d285298cfea375145ac626b22243173de19c6ddbdd8569d8c54b4a955b0f4f24a8f9f4d28981965f6656b4dc12b6c8948ba274911519bae83a54b67341bae7ae7b475cbca47411096a3ebd84f22d5bbbd037a0591819a9a457942eb22043175d87ded4b3a7cf1a76d192b2a9399fde85aa6aa93339d3ed42773f3e73ce1dcd00284a175990a18bae3377e61cb7e773f4a225e590e6d34b2957c0d6a581567c091b52942e5a2143175dc517c37d6ff70f865db0a47cd27c7af9d4cd79743e6737888b0c1814a58b56c8d0455721ddce5ada61172ba92d35d7a76bd95f39e4dbc076a9bec1b502e6fc91cf5b51ba4843862ebaca9a95ab5fdeeb5cea4818879b4faf40fffb41109f81cb9a74613dba93b1844d51ba4843862eba0a171f2e42c32e5452fb6a76137bd4be5deaa9dc00ab4bb50d7e00e776e18bfc7dd5d1ab14a50b1319bae81a4411187af4622415a030728b2e6b92fa235718d78d0633a19ac57191cf5a51ba4842862eba86e6cfbb27ab0a5aeabddce7d0cd16bd3e23137b0c45e9c242862ebac639676d0fb69ebe75d885482a4ebee94c379a9b48d9d4d54af7502e0bd030f568711c4d9a14a58b383274d135e6cd9c135c77f50dc32e4e527152915cffd5ecea66dc56987c715c2cb53f67fa2c376816c22343175d430571c3d595e5667ebd7237d3be52a27a62e80d59c571da2f5dc491a18baeb0fbc92755101757c37cbb1149fba633aa7cef83c20195795b816a36168a15422a4a175164e8a22b3c70dffdc1e4f193865d7ca4a10bb3f5f74ee452ef61131255bef7583d3274dfdf3d9e8951942ea2c8d04557d8f9fe1daeab55f4e223350c9d79d06e54a6fbd4bb4cbdb70ae7b7cddb0a96551c8714a50b8f0c5d740555b8278876a15d9aef6ea6de311855bef744bce76447acdb0a972f8e8b657914a50b8f0c5d74055abe6a87355b143875234a27f54ec53b177d2d67eb8d5cd4dcc3ad6d5d715c6c99dc4f9f7dc14d6f5d74c185e1af4f0c2a3274d115a64cdccbad958d5e78a42175b519896f44129aba96b37557bcc7dd6afd6aa9591c17eb1fcfe099dfdcaf7ff5abf01728061119bae80a5ab296a27097aeaecca5a3dd4f354d5d6bd4bba870f0d4b5cd590c358be3626bd27d944eed8a185c64e8a270b4077a6bb98630dd8ad21bf2055432f5eec9cd9f337d62dcd64df9cf36fe99b2aba1a2f4c146862e0a479bb2b4964bbb7351ee46b39986b8d8bb41834cbd6b622e3b1e29f744beb27ef753c3fece009adfdd9db7df11fe12c5a021431785c305456bd05b284cbbc72b960b55643e5da65eb07cbabd0f4b049b83b5c6e719bf8d9525f366cd097f8962d090a18bc2d11af46c7215cbdd2e5c8bcea787a66e1e27e5922f4eebd7002929c3a3287db091a18bc291a16793bf28773bca635955d3d0915ac4762c976eefe172b511f2d917a3c27ec3891b14a50f28327451386b57690d7a26f9b47b97a366a2481e6398a93ff245a5dfdb551fd3ed51d1d0c6daba95d52544e9da5a75f090a18bc259aba63299e50bd7ba551cd754c3848615c921cda9b7a56666a55bcb0eb32a9c4ee1b38ddfb678fea260ddea35e12f520c0a327451384b172ed13ee819e5cda1abc5715e917eef4dc9d47389f7ca359369bc77d6edbd54734dbaf1dd513bd8c144862e0a870b899aca6454b804c94a9d7645e1e30d934c3dbbfce7d5abfeed2dc4d449d277479bb60c1e3274513832f4ecc248bdb15aa9d36ea8991588c899428f1ebfca72c570bc67fd2c888b2a1c60589f1d593245e983850c5d148abac4e557b30abd1769f750232adf1b721bbaf47b5eb8ccf2458ca887fddbd3d41c101adf1db5831d3c64e8a250d425ae0d85c54d3d4bbb37e48c205ef91eaadfd5db6555b49d6e99063e0cce92be3b349a513bd8c141862e0a45869e5fcde2268ca28769ef34537fe9f15de67d0656d1e8bc21f3987e2925edae463383850c5d14ca03f7dd2f436f434d63ed712a97c1c488e56c5e8dc84fc572436ace9da3c667651dd32f35d3ee09df1d359a191c64e8a25086bac4ad322f2c52b27c2bd1be984523b24b34759ecf8017cb6194c3de931ed63a6495ab8948f8eea8d1cce020431785a2b6af6daa619ade30bade64c6528aa9bb62b9a786efec352872198c70ddb957290b07c3b47b524685256c5b366e0a7fa5a2aec8d045a1c8d0db9737d4f8b6983d535aa48e0630053f6c5ff986787face3fa2d9f764f2a6854a399c140862e0a8528e0bc73cf372f2a52ba9aebc31bc669ddde13b530f5415aaf3e22d58e1a9f91756c19e4ea30129e9f5fc276d1051786bf54514764e8a250d4c7bd0385695397e2b66eef9548ff630e71338be8374f7cbbded1bad52697d75de275facceda72d7d64a0ad256cf546862e0a658d0cbd6d35ab954b601ceeb9b43075671e2536b8b6459622366fee5e6f49dabd262a5c5a9734d0d212b6fa234317852243ef4c4d132d4127b22ca6eec4dc7a3f0af9baa10433477dab6dc8283f20c4d8addb11f52d872f5a12fe5a45dd90a18b422102501ff7f6d59cb77de48be6edfd90d5fb3d2e374df0c4b7cdfb574629664e5d4152e45b269145481b0cde73d7bd5ac2566364e8a25064e81d8af9ebd044ca64206681982197867feaa94a98df30fde8f94433772a41c6248bdce0abc56050bbb0d51719ba2814197ae76a2e5f4b499df6454f3f93beac2d221fb157c2d81bcfd37a0d5e44bd9519a0ec7e6ae8bdb76e0bc59418bf5315c7d50f19ba2814197ae7725dbf3093324685a4a549ebc64c2f494d632fe31c3b95ecb175e6964a37b04a5398e1e1bfe6ed0df9e2b89b6fbc29fcd58aba20431785a18d590a52b8fb5a99e6d1a3225a6d0e3af2e8a1fb86d2f17d36771effa5c71eb59f635cfdec09d0a678dead0af8d4dfbd9ec8d04561c8d08b91339cd050acdb4b233ff06847a1b9a74592858b883cab913754a9547b442eebd0a2018e8ae3ea890c5d14860cbd38f9b476e9d77993e2cdb2b42d45ae188d48982af9c6eb2dd444599bfdf8aee1bba565906bf1dacbc1468162aa26adc18c978ae3ea870c5d14860cbd3835978a55a5badaef1657909cc91369b22f3b46cf3c36831b2fffd8986ef4ef14b8118567981b4f5295cddca9f13ef03a5a4d6da838ae7ec8d04561d0818a51bf75f190722a6c035ba939dc02a2f57eabf2661e8ad792b4518b973ac7d50f19ba280ced855e9cfc3c7aab254865944bf9665cde562a31af5f0333476e609561df76758eab1732745118da3ab558f979f47e5785b72357099fa1c35c69f468bdb6867553200c508cdba2f2dbaaee7ef2c9f0572caa8c0c5d14860cbd587943acd43ae8b848c377309fdd6d3168aaf4fb9b248a011baf2fcb2045dbaad60719ba280c197ac1f2f3e815298c4b15855a2532763725d0785feb149547e532248dd79965b0b2f5f4ad6e5b55517d64e8a230d6aed24e6b45aab91ebd6184d6ed951411fb635feddb1cbb8bc87757b0d77c1bca3a8f4e6747d2ee0fdc777ff84b165545862e0a63adb64e2d5cdef8acdbaa2c67a834a6e955553cab05ea985a4f51d67974a435e9f540862e0a437ba1172f8c08432abc30ae44d5dceeb561ee05a6e4dd40886e694f3f3310d1b8a91cf3e8e79d7bbed6a4d70019ba280c197af1629e978b72e1d16599a355e6db79dd0c66b246f00c0630707a98d764e959a7ca338fae35e9f540862e0a63e9c225c17557df605e30a4361576fd2abc308eae6ad6dfcb2c9e735cd671525359e7d1d1e2f98b822d1b3785bf66514564e8a23018e16bebd4e2e52350ebb676558bca79a9a5f2cca3331857dabddac8d04561c8d0bb232ec885768c23253d60056203ab1cf3e84abb571f19ba280c197a77e41bcc1456dc458f6fa5ab074279e6d191d2eed546862e0a4386de2585fb8e1765c2a4610b1b1c48a5579e7974a5ddab8d0c5d140217002e04bbbefe4df3422175a08691bb79f482e6bd6bd5a8466aa93cf3e84abb571b19ba2804ed85de5d39432f682bd5ac1777a926ca318f8e9476af2e3274510832f4eecaa54d8b30e270b314f336a996ca3b8faeb47b7591a18b4290a17757be639c755b2e311faf256b03a73cf3e84c9b29ed5e4d64e8a21064e8dd95eb9c86a1775818d7eca666dc26d55779e6d1917abb571319ba280446f35c04ac8b835480c2c238b7e4ccba3da3dc455d4bd6064f39e7d1e9edae2d55ab870c5d14c2d05ee8abcc8b83d4b99a5ba9664c9b5af273a95ab23678f2df9facf3e8f7dc75afcbb8917913d541862e0a61c8d0579a1707a9183943efa4a0ad1199b30b99799b547bb1177c9e012186ceef5a540719ba2804197af745babc9316b06e1e5e15ee032bd77130c73cfac6133704872f5a12fec2451590a18b4290a1775f98b14b99b7b937babb7f07297ba9e27afa995c532e5abe563d64e8a210b66cd8a4bdd0bbac4e2bdd5d74df61519d545de59d47f7cbd71eb8effef0572eca8e0c5d14c2da95ab65e8dd56d8d3bdad75e43494e162ce4e6bd6edd24028ef3cfae4f193828b2eb830fc958bb223431785b04686de7d854bd7da6a01eb3778b16e93064679e7d137681ebd52c8d04521c8d07ba030cace7341f6729de6541027691ebdd6c8d045212c5db838b8ed968f9b1705a93839436f23d266fe5c2d5fa576e7d1b51ebd1ac8d04521f0a3d75ee8dd17ebc8dd0539cf5cb89f3f578738a921ad47af2f3274510832f4dec82f5dcb55ad1ece9fab439c84f2cea3af5eb14adba9560419ba2804197a6fe40d3d4ffa5cf3e7d230e51ce0d1d77ddeac39e12f5d941919bae8981f3ffbac33f4efedfe817941908a13a95267e8390c5af3e7d230e59c82f18571a2fcc8d045c768ebd4dec9379779f1c17bccdb47285ceaa6f973292a578b91719047e68ddff74b2fbd14fee2455991a18b8e91a1f750e1b2239425654a44af0d59a4b8f24cc3fcf4d917dceffb57bffc65f88b176545862e3a4686de43f9e63219a36e22f9b61ad148b596cff458b759e2f7fddc73cf85bf78515664e8a2636ebef1a660f1fc45e685402a585143dffd947d4ca8e69a63f56f97e2ca3115e3d7a2cbd0cb8f0c5d748c765aeb9d48b37b436fb996d85733b7b93b9b546f39436f3128a45914667ece59dbc35fbb28333274d13132f4deaa69e82de640596bdc4e9b586930e49640a64cc7c8ccab870c5d74cce60d9bdc5a55eba220152f6fe86e3b54e376d44cb7b788c0a4c1952b984c582d71fe5bdf2133af203274d131da98a5b772915568ea8995ee7e130ea5dba524fde09f467c87a868df76c63667e677de7e47f80b175541862e3a4686de5b450d3da9a8a9d4dde11acf396b9732a97b6a6671c2ef10c56f4b162c0ea64c98a4cd582a8a0c5d740ca379b57ded9d8619ba9152f78573a5ab6ec7383405502af90633f7dc756f3079c25e6ed7c4dd4f3e19feb245d590a18b8e91a1f756cdf6afc8aa746f183917eab244c12e127cecab99b7ec947a270687e79fbaa5395fae7dcfab8d0c5d7484fab8f75ebe298893915677d5ed1868ecef7dd113df76cf5173f9e513bfd925071de27ebff49210d547862e3a425de27aafa8a1c72bddfdbc68df0df447cf0f75a96bb5565eea8baebfe64f9462af213274d11154c2ce993ecbbc68485d52a49fbb33ef686a9d66327d8ccedd80a21191bff8857b120bf6a4fe892af68d276d7483f08b2eb85029f69a2143171da1a6327d50c328a3861e35ce7ea5b75d21de638f0e3da74654ae2af6f2c947e57367ce56157b4d91a18b8e5053993e286ee861e5b833f21e57b63be37ee2db2ef5afa8bc9c62ae7cf58a558aca070019bae8887933e704d75d7d83792191baa498a1fb79ea9e47c5df7b66c8c873ecad2df54ea4d72f7fef95cec815950f063274d1115c2cb464adc77aee85e1866e54ba77551839056f3cf6635fed7f019e3442ac2b9f3b63b6fb7d322d26060319bae808197a7f1435f4b49eee45c945ff32f2d28b6e6f3ebdbe76d56ab7ac540c0e3274d1115b366e72170f2a6749f1591719a978450d1d59c7142157b5fef82e376890919757cc93fb1eec2c45537a7d3091a18b8e79e0befb5dff672a6849f559171ca9588d30f4a28bd1d8b8837ef0fe3164e4a5148368bf331abf416da832d8c8d045215039eba375527e4ac377575133474554b737a3f130adeeaad6773fa5256825141139463ea53188c6c8992757f5ba90a18b4221d54745ad8cbdbb7295e551536fb3cadccf8dbb76b19838e7a5318d969f9552d1d4ba8c5cc491a18bae40eacf1b3bf3eb32f6624565fb3043cf59e9ee8c9cae729ca761e06e40f09c6a20ca2a7e3f3272d10a19bae82a51639f336376f0671ffd848ae70ad008436f44d8d67152b5c5efc557adf33bd21cb94843862e7a02a9f82d1b86e6d8299e23da60898d7511935a6b84a137641d27554fa4d56908e3d791b3fc8cc253215a2143173d8575b1b49f246de8a3768a7bb888591737c99669e84a99575ad1689cdf07bf13ed8426f22043177d83a8e39cb3b637cd7dc982c56e030945eead651aba0ad92aa7cf7cea732e5b45d6ca47e34aab8b7691a18bbe43710f173196bd797327ddc8858e0b9ee6dc47ca3274f553af86e226cedc38d1b8baba894e91a18bd241e4ce05ce17d3215291cc2b7ef98b7f6d5e24074da6a1879bb448e5120352d2e996892ba52e8a44862e4a0d17bc9b6fbc6958f4ee0d9eb9f7418de089c647187ac3e4ad63a5de8b692306a04c23f9ef2c2d5965e2a29bc8d045a54832782e9cac77f7517cdd4dde32743abc59c74add15df35be737cf71868fa289cef27df53a693944e17bd40862e2a0d06cf0593c867cdcad54d834754d0474dbe4e95f46684de9075ac54acf82e91422743148dc0bd81d3f4459ba3887e204317b5838b2951bc65f2281acd93b2afe2bc7ca2a16be95a61e27bc1f783ef09df97a879a3a5872d76ab3418502a8d2eca800c5d0c04a43c29b6237a3a67db76d3e849959232a578296af6654cdf271aba96ae6516191b1f6df379f3b94753e65e44de2c276380c84051d1b7282b327431d060f43ea2c7ecb9705b668f48e173c1f7d13dc21050afd7ce271afaeea7cce3074dfe73f1668df8ec2cc34698369fbb4f991375cbb845d590a10b9100ebe3b9a8fbc83e6af8d182bcb8bcf123e659bda1602ede68906544599564e8fcdd3abeca8abe6751838e9a34b23e0baf25872d0ed6363e3752e47c8e3ed256aa5cd40919ba101de023fc68944f6ad61b3f4662198ca5a839a16826202abae93d74db6dc1433b2e19a99bae77c6d7cb6902b21351d38dcbcf43c7c56027fe9ae3f3d469e2fde57d467ec085fce7a1ca723168c8d085e821de6c5034f2477e20d0548b4c4095e553dcce944363f6d1b3978fa2bd144d0b918e0c5d880ae2a7035a296a90452b6eb89614250bd13b64e8420821440d90a10b2184103540862e841042d40019ba104208510364e8420821440d90a10b2184103540862e841042d40019ba104208510364e8420821440d90a10b2184103540862e841042d40019ba104208510364e8420821440d90a10b2184103540862e841042d40019ba104208510364e8420821440d90a10b2184103540862e841042d40019ba104208510364e8420821440d90a10b2184103540862e841042d40019ba104208510364e8420821440d90a10b2184103540862e841042d40019ba104208510364e8420821440d90a10b2184103540862e841042d40019ba104208510364e8420821440d90a10b2184103540862e841042d40019ba104208510364e8420821440d90a10b2184103540862e841042d40019ba104208510364e8420821440d90a10b218410952708fe3f09e716eb03548feb0000000049454e44ae426082);
INSERT INTO `examination1` (`id`, `exam`, `answer`, `guideline`, `exam_image`) VALUES
(2, 'จงแก้สมการต่อไปนี้', '7,9', 'เขียน y ในรูปของ x ทั้ง 2 สมาการ', 0x89504e470d0a1a0a0000000d49484452000001970000005408060000004e6d7aa3000000017352474200aece1ce90000000467414d410000b18f0bfc6105000010fb49444154785eeddcdb4f13d90307f0f9077cdd279f78f0c107de4836312686c46c0c3186188dd9b0d168306ac028c61b59d4c87a45d45dd155c02b0aca4f40f1ca2295451085e55e2e725f154150e45a2ba5fdfece4ca7745a5a5a700464bf9f6412ce7466da99ce9cef9c33a748202222d219c385888874c770212222dd315c888848770c172222d21dc385888874c770212222ddcd9a70196cc9c73d4313fa6d7269182f8e4848ae555e2222a2efccec0897be02c46c4d81e16a0416dd681233da717b4510521aed2f1311d1f76576844bef53ecd998887b17c221c9cd95ee1c444a89302aad182222fadecc926e311b7aabb3101b26e1a75403ee6f92109ad1aebe464444df9bd9112eb611112e57b05e92208929e0b7e7e8575f2222a2e931dc644069e7445d4636bc2bc9478b492d4e6076844b6db2122ac13b6fa0bcc7a2cefc4e7c6a43594b2fac6a913c186ec1a353dbb07ecb1164d6f78bd3f33f68a26360798fe709e158b62a06594dc3ea4ca2e96443d7a3086ccc7e8b51758e9d199d2f0ad1a03d2d479a707de576e4f6a8652ffc0b17cb0754dc3a8a1ddbf6e1fc5f2d1852678fb174a1f0ec4eecb9588e5e75966ca03c0fe5036a41b0f514c050e71a1ea6d785b871622fb6effc0dc9b9cd18d05c75a31d39d8b37213e2b3cad0316c85f9cd1b74abafc94caf5f22bfa253ecbedd685735ea3ec87f0da125f7127e3f970563afb6daff8892e453c8ef508b7e2f6737dc9687a498add8ba2f0119a5ef94f7fdf4f7af902ed4c06afb84ea5b713896528e8fda4dd93af1acd0b58b6fa27d36bd2e405ac24924a4e4a2b1cfb9215fc762d61aadc6f91fec2d52c7b4cdd759e94d573deafbd4bfbf27131e83b7b81b2661dec28558a0bcb60ce9adea4b44d3c4da9882e09802b85c5efdad3024ac13e7e4163c7eafce73909f8b2fb98657ae49e4c277b898ab702e6835e21f97a1f2791aa2178b0b202c03ff6a2ad0ee9ca3b85cde8ac7fb249cad52c3e34b194e4b6b913d56417f40de0e09274a3fab651b3aee4562cbe517687dff11dded25b8182eb6fd4b16dec895ada904715230d66e08c17cc745b94fb3f3726b27741f4e478760479e922862967df8b2b5fa3cf63fac47ee914048bf3dc7a0f2aaac1e97039c439cfd5d4e7c18549d0b86b42216fffbfb058a1f256083785d0a0a4290f85c27ff318bfa230dd71a86d09cb6067b9e3a23b6fbafadf6410a0a1ffbdc9c8af078039a3ada5094b00ad2d29b689157f3752c66316b4d0a2ed73b6e280651142b3efb4a71fea87326457ce7ceefe4fb31e131e82a477997f282383d8c4814dfede9b22fea0ca2e9d08bfcbd12ce548ca8658d910a9cf1142ee2d6baec943456f77ae23b5c86dea03aef2a766c3c849cd7e2a45742c3f53728a692382c5ebb09ab164ad865f8a8ce7c89632ee1f206777ed684cb60116257ef47d2952bb892560ae5b38b3bbc3f1ddb56baca16e097f887a8fb387ea76dc6246cbaf306a6a61b58975287eebc7d581078050d7225fdea1a369d48c5c975e2225e9589d7f65504b7d0f077b937593828de6bf4731b1efeb60a81010108080c44a0f8ac1beebfb32fd3741de1d16710b35ac2d29b4a2428ea2efde00c175ffbacd59286602919ca6c1fc76236b39acdd07e629b3151dc9ca4a3b8f02eeedcb923a642b4993ea0e681fcf7533439137e3c9fe1d28bda8799c8cc14535685fdf89adb512497efd788f6e854d8f065a80f7d7d5e2693ef6e5ccfc7e0ae68b3b8ab45b2b403135caf44faebc9c5362906051eef56e573d253b888abcdb01bd2c687e854cbeefce816131b3f948f8e67c7216d792c2e58f9cdc65786564b37f2764bd899e767b898dee1feafa2528fba044341233e29335b9016acddb619ef2b3271305454d0d23ed79db7be466698585f7c1665faf1384a34a3002c83bde82b3def7697ecde22f17f3958440b6ebe0893c442545516e0faee25cafb6e7139ea361893260817bff659d57a0b3f39c24531c1b1f88eb4dc5c8a90f436d8064a101f248ec5e647e88205950912b68ba09eb0aaf6192e360cbc8c5342fff772c7ddbffd3b892d1c107f4d453f0a0f68ce33f769e20fe491e318b81a424d622802cf54c0d1b6279a0e720f8ee452d768790f17fb4def395479e91af3235c06f13c2e14eb57ff0869712a9a35e162ad4ec2be024717502f0c930917a12d3d0452925173d17ba968fb9f61bfb40ef7dc9e81f862adb9e03b3404bf96530ea4f60be8464ee424c345f07b9fc7858b6a8ac762563097e1947412ff381e92bdcdc65a712e45454561c9d506b707893213cacf872234549d82456b31d8590ebbddac2ea7650f2ae97889585b568ba4d00ccc9a81edeec740614273d64e2c52036b191fbad034eacddffb15e1b21b06ed83760dff1ee80b4a05ec162ec0008a0e4ad8a48c3098fe70317594a3a8e63d1cf7a8a3dd7568d4ece8b70d977e3cdbcf70f1df108a0faf405ab36b84743e0817c7351af9f666dcc47cb65c546fb2b0465a81db22512c95092ecfc026af0f05319a968afbe4d70772f07c0c9cecfdd852483adcdb3544dfcaf08b23e25c9e6ab81cc10b2f031cbf325c044b33d24225acb8f814d9da70192ac621b1dcea44a3faa0fc5f64ac94b068d77db4ab69e04f45fba9f22a62b7ad41a07b852aefd8b25d3814153cf69e8e07fa0efa87cb4fd8743c1b8dca2db17bb898509bb2014b1688ca61693c4a3ed9f74acf70f17a2c663d0b9a537f465c89fb59d883dced610893bb3777e4c1e7a3067fc3457c172571629ba70d301c8e87e67e6606793b066ee4f3ece73be2568c689a28755b022a3df6497b0f17f9b9b7f7509a44b8a0566c68d10d34b9878bacd780ddea9d9ca3a2b7192fe1529d4da4e24564c94fca070a71e541a732842da5d0fe70c477452bde6bd743b41953b05a8a444eb73a5b501ee88b16d3e7969b587fb51e9f8a8fe1c71f9260d48c621b1f1a1e3ebbe0d772f21770a21443ff66e094328cd42d5c2c95c87af0cede72397d19674256e08f973d284f14c745b3a1a9878bf76331bb8da0256d0d76e576c16c36c3fc79001dcfcf20ad6a04ade9a188976bfe0f4f10258e77448ea7db230dbfc34568b88a85f239290f135767cd1c6fc740b4606c16583417f5a7fc68ac909b5c34770c19917eab5a331a559e958ed44acdef34c40d515d462a2a1ccf8da7b28e6c2aeb59aa70569a878b756ad9452d92a4cd78e418d1a8a1d4657f567be8ceb6f33f5c465b7073e53c2c5ebc48193afbdaed8afd624c54fa8cc75a2eaf3311117904fbd69e46897ca76f1595e3aaed38ba3314e7abed2b7bae6877c131e04c2c81ff2db78796f44bb6ebe81a6b2bd2454b68ac7b62e1411469bb565eff85fdeb82c56b3f61c39e3dd823a6a830f1d9a5a3aecd387f97132db1c3d20204050520418978f7964b9bf83c0108105f9232a46fb41bf9077e14db9987e3ca01b0f3bdcfaa71e132c1b198b5ac68bab1d4fe995da613c84e098314108d7c79bfcdedb8bd599e3f1f9bd39ae0f5dede6685d579e07c90bf9f405c7ba516678cb763701af288e3cfa5f1f672c0622c5d341f52e463bcf77b1fe97b3058142bbee30350efa905b97b547ce73bf39c2318956771cedf3f4d651dd954d76b4b5f3efe59dfe74e54651ec412b16ce4e562b46bf3099d7810be1ce3c6a568f81f2e0a1b462dde728a6816b119911491631f8e3cab5930d0d188ba86767c343355e6244b0f1aeabb5d46425a7a1a50f75e3b407d141f1aeb31366b2aebc8a6badea8b8395ebd138eb6812f43c5871072bdc9e57ddc4d325c88663753633612338b5190b40647bd3d6924a2f1cccdc8389684721f01f3b12a05276ed6c2d7bf1763b8d09c220fea50ba99a29ef81e2040446eac18f5d13935ea6b0115c385e61c1b7b9788661cc385888874c770212222dd315c888848770c172222d21dc385888874c770212222dd315c888848770c172222d21dc385888874c770212222dd315c888848770c172222d21dc385888874c770212222dd315c888848770c172222d21dc385888874c770212222dd315c888848770c172222d21dc385888874c770212222dd315c888848770c172222d21dc385888874c770212222dd315c888848770c172222d21dc385888874c770212222c5709301a59d36b5e4890def4af2d162528b1360b8d00cb1e2cd93b33074a8c5ff14333a5f14a261582d8e1942f3bd9388da1a8dcb25ddb0a87389be3d1bba1e456063f65b8caa7330dc8247a7b661fd9623c8acef174ba8469a707de576e4f6a8652f182e34232c8d2958264948ae5567fc57f4b7c290b00e92b4058fdfabf314fd78b65fc2eebf44a8985b91be4142f0b557ce0b9de81bb28aeb3138a6007d6a19a3d538ff8324ce53e7b44d9b26dd39885c720daf263841192e34fd466a9114118ef085ffc170918d54e08c7bb8d4268b0b38196387e36d367e9176c1f0512d137d33bdc8df2be14cc5885a1661539382cbf58eb6f3208a6245c0acccc0bfea1cb9f55d764ac28ebc0f6a793c860b4db3cf28ff3d120f3a1b716391235c4c682bbc8b3b77ee88a9106da60fa87920fffd144d83ca4a53d08bda8799c8cc14535605947adcdc8e22b97cbf0693afb36df832d487be3e2f9369329d58b548760b975ec36e4821e96853cbf66524fc51eebce089be899e5c6c93625030d66c11e16236437be6d98c8990c2eee2ad5a9629e7ecc687e854cbee182e34ad865f1c45d413f96ea749132ee2e41d28417c90b83bdafc085db0a03241c2f6fbefbee2b9830d032fe310282ae8dfcbbf8ccd332649882d1c70f61ffbad1f85075cbb095ca64935c1c6878ba9e4b8d8ce1f7066893d5cf63ced55cb44df86b5fabc38f734ad660f5a6e2e4548baf3d647a1b4b6cfa1ca4bd718c385a6cf40110efefa373e2905d77051bccdc65a51a146454561c9d5061d9e37d8434a3a5e22da46b25a248566a05df97b268d0f17f43fc37eb1ef0b0e1ad06dea477376348244f97cb5555d80e8dbe8cddf3b71b898cb704a3a897fcc6ad9410997dd3078b9ff61b8d03431a1244e42d8fe0bb870419ef6234c549e72f976953d6e649d0fc2c5091b8d7ce72ca7be02c488753cb61cdc9af563de64618db402b745a2582a13bea225d08782184fefab4e5fd97291995b3311b1506c6bc95ea45d8c16dbdde7799f887434fce28838d7bc85cb108a0faf405ab3875b3d255c8ee0c5b8518f760c179a2683283d1b86b030c714a2dc990785842136bf5b5da607b9dbe5d74405bb230fde1f154e863dd4a4d306180ec7a3f4b33a7b46790e17a777b8bf417ce633152efdde44df84121209a81cd7076d4173eacf882bf19c1e3663d204a1c470a119e3de2d66456b7a28e2e5daffc3134489e089c8f15afb4e4ec3552c945b17176ac4bbcc06b5489236e351975a746146dda565904253d1cc1fbacc0d4346a4dfaa16b7574e43c674a4560ea82599097519a9a8e8578b5359473695f52c55382bcdc3c53ab5ac18414bda1aeccaed82d96c86f9f3003a9e9f419ae6014b5b7a08a43fabbd765f335c688668c3459cc837c3200544235f1ec6656ec7edcd220ca4f9d89cd6042fadee49907f4312886bafd4e24cfadc89aacc835822c22ef27231da1dd7bc6510ef8c8f702454b4e6629ea29b8f5ae68cc1a258712e1f40e15808c85d4de2fcde99e71cb5a83cd770fe96642aebc8a6ba5e5bfa722c4b6f554b5634dd582ab6235f83dae934ca1c6363d08907e1cbe1fe8c5f8be142739fcd88a4881cfb70e4d96ab8138d2d5d18fafa510c34db587ad050effa1f172c3d0da87bafedf41cc587c67a8ccd9aca3ab2a9ae37da86f4d53b91e7e718fda1e24308b9dee4f23eee182e3467991ab39198598c82a43538eaeda92311d9999b91712c09e53e02e663550a4edcac85af7f2fc670a139ab36596dce473dd1697000d15c67c5a88fd6f3a8af05540c179ad36c93ffb52411e980e1424444ba63b8101191ee182e4444a43b860b1111e98ee1424444ba63b8101191ee182e4444a43b860b1111e98ee1424444ba63b8101191ee182e4444a43b860b1111e98ee1424444ba63b8101191ce80ff0370efe04894bd31430000000049454e44ae426082),
(3, 'จงแก้สมการต่อไปนี้ 9+7x(8-5)', '30', 'ให้ทำในวงเลบก่อน', 0x89504e470d0a1a0a0000000d49484452000004140000024508060000006d1da4f40000000467414d410000b18f0bfc6105000000097048597300000ec400000ec401952b0e1b0000003374455874436f6d6d656e740078723a643a444146466a317759645f773a392c6a3a33363631393032333434332c743a32323039323930376a4a6bff00000dfe49444154785eedd8310100000cc3a0f937dd69c80f32b801000000444201000000c8840200000090090500000020130a000000402614000000804c280000000099500000000032a100000000644201000000c8840200000090090500000020130a000000402614000000804c280000000099500000000032a100000000644201000000c8840200000090090500000020130a000000402614000000804c280000000099500000000032a100000000644201000000c8840200000090090500000020130a000000402614000000804c280000000099500000000032a100000000644201000000c8840200000090090500000020130a000000402614000000804c280000000099500000000032a100000000644201000000c8840200000090090500000020130a000000402614000000804c280000000099500000000032a100000000644201000000c8840200000090090500000020130a000000402614000000804c280000000099500000000032a100000000644201000000c8840200000090090500000020130a000000402614000000804c280000000099500000000032a100000000644201000000c8840200000090090500000020130a000000402614000000804c280000000099500000000032a100000000644201000000c8840200000090090500000020130a000000402614000000804c280000000099500000000032a100000000644201000000c8840200000090090500000020130a000000402614000000804c280000000099500000000032a100000000644201000000c8840200000090090500000020130a000000402614000000804c280000000099500000000032a100000000644201000000c8840200000090090500000020130a000000402614000000804c280000000099500000000032a100000000644201000000c8840200000090090500000020130a000000402614000000804c280000000099500000000032a100000000644201000000c8840200000090090500000020130a000000402614000000804c280000000099500000000032a100000000644201000000c8840200000090090500000020130a000000402614000000804c280000000099500000000032a100000000644201000000c8840200000090090500000020130a000000402614000000804c280000000099500000000032a100000000644201000000c8840200000090090500000020130a000000402614000000804c280000000099500000000032a100000000644201000000c8840200000090090500000020130a000000402614000000804c280000000099500000000032a100000000644201000000c8840200000090090500000020130a000000402614000000804c280000000099500000000032a100000000644201000000c8840200000090090500000020130a000000402614000000804c280000000099500000000032a100000000644201000000c8840200000090090500000020130a000000402614000000804c280000000099500000000032a100000000644201000000c8840200000090090500000020130a000000402614000000804c280000000099500000000032a100000000644201000000c8840200000090090500000020130a000000402614000000804c280000000099500000000032a100000000644201000000c8840200000090090500000020130a000000402614000000804c280000000099500000000032a100000000644201000000c8840200000090090500000020130a000000402614000000804c280000000099500000000032a100000000644201000000c8840200000090090500000020130a000000402614000000804c280000000099500000000032a100000000644201000000c8840200000090090500000020130a000000402614000000804c280000000099500000000032a100000000644201000000c8840200000090090500000020130a000000402614000000804c280000000099500000000032a100000000644201000000c8840200000090090500000020130a000000402614000000804c280000000099500000000032a100000000644201000000c8840200000090090500000020130a000000402614000000804c280000000099500000000032a100000000644201000000c8840200000090090500000020130a000000402614000000804c280000000099500000000032a100000000644201000000c8840200000090090500000020130a000000402614000000804c280000000099500000000032a100000000644201000000c8840200000090090500000020130a000000402614000000804c280000000099500000000032a100000000644201000000c8840200000090090500000020130a000000402614000000804c280000000099500000000032a100000000644201000000c8840200000090090500000020130a000000402614000000804c280000000099500000000032a100000000644201000000c8840200000090090500000020130a000000402614000000804c280000000099500000000032a100000000644201000000c8840200000090090500000020130a000000402614000000804c280000000099500000000032a100000000644201000000c8840200000090090500000020130a000000402614000000804c280000000099500000000032a100000000644201000000c8840200000090090500000020130a000000402614000000804c280000000099500000000032a100000000644201000000c8840200000090090500000020130a000000402614000000804c280000000099500000000032a100000000644201000000c8840200000090090500000020130a000000402614000000804c280000000099500000000032a100000000644201000000c8840200000090090500000020130a000000402614000000804c280000000099500000000032a100000000644201000000c8840200000090090500000020130a000000402614000000804c280000000099500000000032a100000000644201000000c8840200000090090500000020130a000000402614000000804c280000000099500000000032a100000000644201000000c8840200000090090500000020130a000000402614000000804c280000000099500000000032a100000000644201000000c8840200000090090500000020130a000000402614000000804c280000000099500000000032a100000000644201000000c8840200000090090500000020130a000000402614000000804c280000000099500000000032a100000000644201000000c8840200000090090500000020130a000000402614000000804c280000000099500000000032a100000000644201000000c8840200000090090500000020130a000000402614000000804c280000000099500000000032a100000000644201000000c8840200000090090500000020130a000000402614000000804c280000000099500000000032a100000000644201000000c8840200000090090500000020130a000000402614000000804c280000000099500000000032a100000000644201000000c8840200000090090500000020130a000000402614000000804c280000000099500000000032a100000000644201000000c8840200000090090500000020130a000000402614000000804c280000000099500000000032a100000000644201000000c8840200000090090500000020130a000000402614000000804c280000000099500000000032a100000000644201000000c8840200000090090500000020130a000000402614000000804c280000000099500000000032a100000000644201000000c8840200000090090500000020130a000000402614000000804c280000000099500000000032a100000000644201000000c8840200000090090500000020130a000000402614000000804c280000000099500000000032a100000000644201000000c8840200000090090500000020130a000000402614000000804c280000000099500000000032a100000000644201000000c8840200000090090500000020130a000000402614000000804c280000000099500000000032a100000000644201000000c8840200000090090500000020130a000000402614000000804c280000000099500000000032a100000000644201000000c8840200000090090500000020130a000000402614000000804c280000000099500000000032a100000000644201000000c8840200000090090500000020130a000000402614000000804c280000000099500000000032a100000000644201000000c8840200000090090500000020130a000000402614000000804c280000000099500000000032a100000000644201000000c8840200000090090500000020130a000000402614000000804c280000000099500000000032a100000000644201000000c8840200000090090500000020130a000000402614000000804c280000000099500000000032a100000000644201000000c8840200000090090500000020130a000000402614000000804c280000000099500000000032a100000000644201000000c8840200000090090500000020130a000000402614000000804c280000000099500000000032a100000000644201000000c8840200000090090500000020130a000000402614000000804c280000000099500000000032a100000000644201000000c8840200000090090500000020130a000000402614000000804c280000000099500000000032a100000000644201000000c8840200000090090500000020130a000000402614000000804c280000000099500000000032a100000000644201000000c8840200000090090500000020130a000000402614000000804c280000000099500000000032a100000000644201000000c8840200000090090500000020130a00000040b43da49eb3af9e63f0830000000049454e44ae426082),
(4, 'จงแก้สมการต่อไปนี้ (-25.50)+(-53.40)', '-78.90', 'จำนวนลบบวกกัน ให้คิดโดยไม่มีเครื่องหมายลบ แล้วเติมเครื่องหมายลบตอนท้าย', 0x89504e470d0a1a0a0000000d49484452000004140000024508060000006d1da4f40000000467414d410000b18f0bfc6105000000097048597300000ec400000ec401952b0e1b0000003374455874436f6d6d656e740078723a643a444146466a317759645f773a392c6a3a33363631393032333434332c743a32323039323930376a4a6bff00000dfe49444154785eedd8310100000cc3a0f937dd69c80f32b801000000444201000000c8840200000090090500000020130a000000402614000000804c280000000099500000000032a100000000644201000000c8840200000090090500000020130a000000402614000000804c280000000099500000000032a100000000644201000000c8840200000090090500000020130a000000402614000000804c280000000099500000000032a100000000644201000000c8840200000090090500000020130a000000402614000000804c280000000099500000000032a100000000644201000000c8840200000090090500000020130a000000402614000000804c280000000099500000000032a100000000644201000000c8840200000090090500000020130a000000402614000000804c280000000099500000000032a100000000644201000000c8840200000090090500000020130a000000402614000000804c280000000099500000000032a100000000644201000000c8840200000090090500000020130a000000402614000000804c280000000099500000000032a100000000644201000000c8840200000090090500000020130a000000402614000000804c280000000099500000000032a100000000644201000000c8840200000090090500000020130a000000402614000000804c280000000099500000000032a100000000644201000000c8840200000090090500000020130a000000402614000000804c280000000099500000000032a100000000644201000000c8840200000090090500000020130a000000402614000000804c280000000099500000000032a100000000644201000000c8840200000090090500000020130a000000402614000000804c280000000099500000000032a100000000644201000000c8840200000090090500000020130a000000402614000000804c280000000099500000000032a100000000644201000000c8840200000090090500000020130a000000402614000000804c280000000099500000000032a100000000644201000000c8840200000090090500000020130a000000402614000000804c280000000099500000000032a100000000644201000000c8840200000090090500000020130a000000402614000000804c280000000099500000000032a100000000644201000000c8840200000090090500000020130a000000402614000000804c280000000099500000000032a100000000644201000000c8840200000090090500000020130a000000402614000000804c280000000099500000000032a100000000644201000000c8840200000090090500000020130a000000402614000000804c280000000099500000000032a100000000644201000000c8840200000090090500000020130a000000402614000000804c280000000099500000000032a100000000644201000000c8840200000090090500000020130a000000402614000000804c280000000099500000000032a100000000644201000000c8840200000090090500000020130a000000402614000000804c280000000099500000000032a100000000644201000000c8840200000090090500000020130a000000402614000000804c280000000099500000000032a100000000644201000000c8840200000090090500000020130a000000402614000000804c280000000099500000000032a100000000644201000000c8840200000090090500000020130a000000402614000000804c280000000099500000000032a100000000644201000000c8840200000090090500000020130a000000402614000000804c280000000099500000000032a100000000644201000000c8840200000090090500000020130a000000402614000000804c280000000099500000000032a100000000644201000000c8840200000090090500000020130a000000402614000000804c280000000099500000000032a100000000644201000000c8840200000090090500000020130a000000402614000000804c280000000099500000000032a100000000644201000000c8840200000090090500000020130a000000402614000000804c280000000099500000000032a100000000644201000000c8840200000090090500000020130a000000402614000000804c280000000099500000000032a100000000644201000000c8840200000090090500000020130a000000402614000000804c280000000099500000000032a100000000644201000000c8840200000090090500000020130a000000402614000000804c280000000099500000000032a100000000644201000000c8840200000090090500000020130a000000402614000000804c280000000099500000000032a100000000644201000000c8840200000090090500000020130a000000402614000000804c280000000099500000000032a100000000644201000000c8840200000090090500000020130a000000402614000000804c280000000099500000000032a100000000644201000000c8840200000090090500000020130a000000402614000000804c280000000099500000000032a100000000644201000000c8840200000090090500000020130a000000402614000000804c280000000099500000000032a100000000644201000000c8840200000090090500000020130a000000402614000000804c280000000099500000000032a100000000644201000000c8840200000090090500000020130a000000402614000000804c280000000099500000000032a100000000644201000000c8840200000090090500000020130a000000402614000000804c280000000099500000000032a100000000644201000000c8840200000090090500000020130a000000402614000000804c280000000099500000000032a100000000644201000000c8840200000090090500000020130a000000402614000000804c280000000099500000000032a100000000644201000000c8840200000090090500000020130a000000402614000000804c280000000099500000000032a100000000644201000000c8840200000090090500000020130a000000402614000000804c280000000099500000000032a100000000644201000000c8840200000090090500000020130a000000402614000000804c280000000099500000000032a100000000644201000000c8840200000090090500000020130a000000402614000000804c280000000099500000000032a100000000644201000000c8840200000090090500000020130a000000402614000000804c280000000099500000000032a100000000644201000000c8840200000090090500000020130a000000402614000000804c280000000099500000000032a100000000644201000000c8840200000090090500000020130a000000402614000000804c280000000099500000000032a100000000644201000000c8840200000090090500000020130a000000402614000000804c280000000099500000000032a100000000644201000000c8840200000090090500000020130a000000402614000000804c280000000099500000000032a100000000644201000000c8840200000090090500000020130a000000402614000000804c280000000099500000000032a100000000644201000000c8840200000090090500000020130a000000402614000000804c280000000099500000000032a100000000644201000000c8840200000090090500000020130a000000402614000000804c280000000099500000000032a100000000644201000000c8840200000090090500000020130a000000402614000000804c280000000099500000000032a100000000644201000000c8840200000090090500000020130a000000402614000000804c280000000099500000000032a100000000644201000000c8840200000090090500000020130a000000402614000000804c280000000099500000000032a100000000644201000000c8840200000090090500000020130a000000402614000000804c280000000099500000000032a100000000644201000000c8840200000090090500000020130a000000402614000000804c280000000099500000000032a100000000644201000000c8840200000090090500000020130a000000402614000000804c280000000099500000000032a100000000644201000000c8840200000090090500000020130a000000402614000000804c280000000099500000000032a100000000644201000000c8840200000090090500000020130a000000402614000000804c280000000099500000000032a100000000644201000000c8840200000090090500000020130a000000402614000000804c280000000099500000000032a100000000644201000000c8840200000090090500000020130a000000402614000000804c280000000099500000000032a100000000644201000000c8840200000090090500000020130a000000402614000000804c280000000099500000000032a100000000644201000000c8840200000090090500000020130a000000402614000000804c280000000099500000000032a100000000644201000000c8840200000090090500000020130a000000402614000000804c280000000099500000000032a100000000644201000000c8840200000090090500000020130a000000402614000000804c280000000099500000000032a100000000644201000000c8840200000090090500000020130a000000402614000000804c280000000099500000000032a100000000644201000000c8840200000090090500000020130a000000402614000000804c280000000099500000000032a100000000644201000000c8840200000090090500000020130a00000040b43da49eb3af9e63f0830000000049454e44ae426082),
(5, 'จงหาค่า x ในสมการต่อไปนี้ (x+45)/15=8 ', '75', 'ให้ย้ายข้างค่าหารก่อน ถึงจะสามารถย้ายค่าบวกต่อได้', 0x89504e470d0a1a0a0000000d49484452000004140000024508060000006d1da4f40000000467414d410000b18f0bfc6105000000097048597300000ec400000ec401952b0e1b0000003374455874436f6d6d656e740078723a643a444146466a317759645f773a392c6a3a33363631393032333434332c743a32323039323930376a4a6bff00000dfe49444154785eedd8310100000cc3a0f937dd69c80f32b801000000444201000000c8840200000090090500000020130a000000402614000000804c280000000099500000000032a100000000644201000000c8840200000090090500000020130a000000402614000000804c280000000099500000000032a100000000644201000000c8840200000090090500000020130a000000402614000000804c280000000099500000000032a100000000644201000000c8840200000090090500000020130a000000402614000000804c280000000099500000000032a100000000644201000000c8840200000090090500000020130a000000402614000000804c280000000099500000000032a100000000644201000000c8840200000090090500000020130a000000402614000000804c280000000099500000000032a100000000644201000000c8840200000090090500000020130a000000402614000000804c280000000099500000000032a100000000644201000000c8840200000090090500000020130a000000402614000000804c280000000099500000000032a100000000644201000000c8840200000090090500000020130a000000402614000000804c280000000099500000000032a100000000644201000000c8840200000090090500000020130a000000402614000000804c280000000099500000000032a100000000644201000000c8840200000090090500000020130a000000402614000000804c280000000099500000000032a100000000644201000000c8840200000090090500000020130a000000402614000000804c280000000099500000000032a100000000644201000000c8840200000090090500000020130a000000402614000000804c280000000099500000000032a100000000644201000000c8840200000090090500000020130a000000402614000000804c280000000099500000000032a100000000644201000000c8840200000090090500000020130a000000402614000000804c280000000099500000000032a100000000644201000000c8840200000090090500000020130a000000402614000000804c280000000099500000000032a100000000644201000000c8840200000090090500000020130a000000402614000000804c280000000099500000000032a100000000644201000000c8840200000090090500000020130a000000402614000000804c280000000099500000000032a100000000644201000000c8840200000090090500000020130a000000402614000000804c280000000099500000000032a100000000644201000000c8840200000090090500000020130a000000402614000000804c280000000099500000000032a100000000644201000000c8840200000090090500000020130a000000402614000000804c280000000099500000000032a100000000644201000000c8840200000090090500000020130a000000402614000000804c280000000099500000000032a100000000644201000000c8840200000090090500000020130a000000402614000000804c280000000099500000000032a100000000644201000000c8840200000090090500000020130a000000402614000000804c280000000099500000000032a100000000644201000000c8840200000090090500000020130a000000402614000000804c280000000099500000000032a100000000644201000000c8840200000090090500000020130a000000402614000000804c280000000099500000000032a100000000644201000000c8840200000090090500000020130a000000402614000000804c280000000099500000000032a100000000644201000000c8840200000090090500000020130a000000402614000000804c280000000099500000000032a100000000644201000000c8840200000090090500000020130a000000402614000000804c280000000099500000000032a100000000644201000000c8840200000090090500000020130a000000402614000000804c280000000099500000000032a100000000644201000000c8840200000090090500000020130a000000402614000000804c280000000099500000000032a100000000644201000000c8840200000090090500000020130a000000402614000000804c280000000099500000000032a100000000644201000000c8840200000090090500000020130a000000402614000000804c280000000099500000000032a100000000644201000000c8840200000090090500000020130a000000402614000000804c280000000099500000000032a100000000644201000000c8840200000090090500000020130a000000402614000000804c280000000099500000000032a100000000644201000000c8840200000090090500000020130a000000402614000000804c280000000099500000000032a100000000644201000000c8840200000090090500000020130a000000402614000000804c280000000099500000000032a100000000644201000000c8840200000090090500000020130a000000402614000000804c280000000099500000000032a100000000644201000000c8840200000090090500000020130a000000402614000000804c280000000099500000000032a100000000644201000000c8840200000090090500000020130a000000402614000000804c280000000099500000000032a100000000644201000000c8840200000090090500000020130a000000402614000000804c280000000099500000000032a100000000644201000000c8840200000090090500000020130a000000402614000000804c280000000099500000000032a100000000644201000000c8840200000090090500000020130a000000402614000000804c280000000099500000000032a100000000644201000000c8840200000090090500000020130a000000402614000000804c280000000099500000000032a100000000644201000000c8840200000090090500000020130a000000402614000000804c280000000099500000000032a100000000644201000000c8840200000090090500000020130a000000402614000000804c280000000099500000000032a100000000644201000000c8840200000090090500000020130a000000402614000000804c280000000099500000000032a100000000644201000000c8840200000090090500000020130a000000402614000000804c280000000099500000000032a100000000644201000000c8840200000090090500000020130a000000402614000000804c280000000099500000000032a100000000644201000000c8840200000090090500000020130a000000402614000000804c280000000099500000000032a100000000644201000000c8840200000090090500000020130a000000402614000000804c280000000099500000000032a100000000644201000000c8840200000090090500000020130a000000402614000000804c280000000099500000000032a100000000644201000000c8840200000090090500000020130a000000402614000000804c280000000099500000000032a100000000644201000000c8840200000090090500000020130a000000402614000000804c280000000099500000000032a100000000644201000000c8840200000090090500000020130a000000402614000000804c280000000099500000000032a100000000644201000000c8840200000090090500000020130a000000402614000000804c280000000099500000000032a100000000644201000000c8840200000090090500000020130a000000402614000000804c280000000099500000000032a100000000644201000000c8840200000090090500000020130a000000402614000000804c280000000099500000000032a100000000644201000000c8840200000090090500000020130a000000402614000000804c280000000099500000000032a100000000644201000000c8840200000090090500000020130a000000402614000000804c280000000099500000000032a100000000644201000000c8840200000090090500000020130a000000402614000000804c280000000099500000000032a100000000644201000000c8840200000090090500000020130a000000402614000000804c280000000099500000000032a100000000644201000000c8840200000090090500000020130a000000402614000000804c280000000099500000000032a100000000644201000000c8840200000090090500000020130a000000402614000000804c280000000099500000000032a100000000644201000000c8840200000090090500000020130a000000402614000000804c280000000099500000000032a100000000644201000000c8840200000090090500000020130a000000402614000000804c280000000099500000000032a100000000644201000000c8840200000090090500000020130a000000402614000000804c280000000099500000000032a100000000644201000000c8840200000090090500000020130a000000402614000000804c280000000099500000000032a100000000644201000000c8840200000090090500000020130a000000402614000000804c280000000099500000000032a100000000644201000000c8840200000090090500000020130a000000402614000000804c280000000099500000000032a100000000644201000000c8840200000090090500000020130a000000402614000000804c280000000099500000000032a100000000644201000000c8840200000090090500000020130a000000402614000000804c280000000099500000000032a100000000644201000000c8840200000090090500000020130a00000040b43da49eb3af9e63f0830000000049454e44ae426082),
(6, 'จงแก้สมการต่อไปนี้ ถ้ากราฟ y = 3x + k ผ่านจุด (2, 11) แล้ว k มีค่าเท่าไร', '5', 'แทนค่า ลงบนกราฟ แล้วย้ายข้างสมการ', 0x89504e470d0a1a0a0000000d49484452000004140000024508060000006d1da4f40000000467414d410000b18f0bfc6105000000097048597300000ec400000ec401952b0e1b0000003374455874436f6d6d656e740078723a643a444146466a317759645f773a392c6a3a33363631393032333434332c743a32323039323930376a4a6bff00000dfe49444154785eedd8310100000cc3a0f937dd69c80f32b801000000444201000000c8840200000090090500000020130a000000402614000000804c280000000099500000000032a100000000644201000000c8840200000090090500000020130a000000402614000000804c280000000099500000000032a100000000644201000000c8840200000090090500000020130a000000402614000000804c280000000099500000000032a100000000644201000000c8840200000090090500000020130a000000402614000000804c280000000099500000000032a100000000644201000000c8840200000090090500000020130a000000402614000000804c280000000099500000000032a100000000644201000000c8840200000090090500000020130a000000402614000000804c280000000099500000000032a100000000644201000000c8840200000090090500000020130a000000402614000000804c280000000099500000000032a100000000644201000000c8840200000090090500000020130a000000402614000000804c280000000099500000000032a100000000644201000000c8840200000090090500000020130a000000402614000000804c280000000099500000000032a100000000644201000000c8840200000090090500000020130a000000402614000000804c280000000099500000000032a100000000644201000000c8840200000090090500000020130a000000402614000000804c280000000099500000000032a100000000644201000000c8840200000090090500000020130a000000402614000000804c280000000099500000000032a100000000644201000000c8840200000090090500000020130a000000402614000000804c280000000099500000000032a100000000644201000000c8840200000090090500000020130a000000402614000000804c280000000099500000000032a100000000644201000000c8840200000090090500000020130a000000402614000000804c280000000099500000000032a100000000644201000000c8840200000090090500000020130a000000402614000000804c280000000099500000000032a100000000644201000000c8840200000090090500000020130a000000402614000000804c280000000099500000000032a100000000644201000000c8840200000090090500000020130a000000402614000000804c280000000099500000000032a100000000644201000000c8840200000090090500000020130a000000402614000000804c280000000099500000000032a100000000644201000000c8840200000090090500000020130a000000402614000000804c280000000099500000000032a100000000644201000000c8840200000090090500000020130a000000402614000000804c280000000099500000000032a100000000644201000000c8840200000090090500000020130a000000402614000000804c280000000099500000000032a100000000644201000000c8840200000090090500000020130a000000402614000000804c280000000099500000000032a100000000644201000000c8840200000090090500000020130a000000402614000000804c280000000099500000000032a100000000644201000000c8840200000090090500000020130a000000402614000000804c280000000099500000000032a100000000644201000000c8840200000090090500000020130a000000402614000000804c280000000099500000000032a100000000644201000000c8840200000090090500000020130a000000402614000000804c280000000099500000000032a100000000644201000000c8840200000090090500000020130a000000402614000000804c280000000099500000000032a100000000644201000000c8840200000090090500000020130a000000402614000000804c280000000099500000000032a100000000644201000000c8840200000090090500000020130a000000402614000000804c280000000099500000000032a100000000644201000000c8840200000090090500000020130a000000402614000000804c280000000099500000000032a100000000644201000000c8840200000090090500000020130a000000402614000000804c280000000099500000000032a100000000644201000000c8840200000090090500000020130a000000402614000000804c280000000099500000000032a100000000644201000000c8840200000090090500000020130a000000402614000000804c280000000099500000000032a100000000644201000000c8840200000090090500000020130a000000402614000000804c280000000099500000000032a100000000644201000000c8840200000090090500000020130a000000402614000000804c280000000099500000000032a100000000644201000000c8840200000090090500000020130a000000402614000000804c280000000099500000000032a100000000644201000000c8840200000090090500000020130a000000402614000000804c280000000099500000000032a100000000644201000000c8840200000090090500000020130a000000402614000000804c280000000099500000000032a100000000644201000000c8840200000090090500000020130a000000402614000000804c280000000099500000000032a100000000644201000000c8840200000090090500000020130a000000402614000000804c280000000099500000000032a100000000644201000000c8840200000090090500000020130a000000402614000000804c280000000099500000000032a100000000644201000000c8840200000090090500000020130a000000402614000000804c280000000099500000000032a100000000644201000000c8840200000090090500000020130a000000402614000000804c280000000099500000000032a100000000644201000000c8840200000090090500000020130a000000402614000000804c280000000099500000000032a100000000644201000000c8840200000090090500000020130a000000402614000000804c280000000099500000000032a100000000644201000000c8840200000090090500000020130a000000402614000000804c280000000099500000000032a100000000644201000000c8840200000090090500000020130a000000402614000000804c280000000099500000000032a100000000644201000000c8840200000090090500000020130a000000402614000000804c280000000099500000000032a100000000644201000000c8840200000090090500000020130a000000402614000000804c280000000099500000000032a100000000644201000000c8840200000090090500000020130a000000402614000000804c280000000099500000000032a100000000644201000000c8840200000090090500000020130a000000402614000000804c280000000099500000000032a100000000644201000000c8840200000090090500000020130a000000402614000000804c280000000099500000000032a100000000644201000000c8840200000090090500000020130a000000402614000000804c280000000099500000000032a100000000644201000000c8840200000090090500000020130a000000402614000000804c280000000099500000000032a100000000644201000000c8840200000090090500000020130a000000402614000000804c280000000099500000000032a100000000644201000000c8840200000090090500000020130a000000402614000000804c280000000099500000000032a100000000644201000000c8840200000090090500000020130a000000402614000000804c280000000099500000000032a100000000644201000000c8840200000090090500000020130a000000402614000000804c280000000099500000000032a100000000644201000000c8840200000090090500000020130a000000402614000000804c280000000099500000000032a100000000644201000000c8840200000090090500000020130a000000402614000000804c280000000099500000000032a100000000644201000000c8840200000090090500000020130a000000402614000000804c280000000099500000000032a100000000644201000000c8840200000090090500000020130a000000402614000000804c280000000099500000000032a100000000644201000000c8840200000090090500000020130a000000402614000000804c280000000099500000000032a100000000644201000000c8840200000090090500000020130a000000402614000000804c280000000099500000000032a100000000644201000000c8840200000090090500000020130a000000402614000000804c280000000099500000000032a100000000644201000000c8840200000090090500000020130a000000402614000000804c280000000099500000000032a100000000644201000000c8840200000090090500000020130a000000402614000000804c280000000099500000000032a100000000644201000000c8840200000090090500000020130a000000402614000000804c280000000099500000000032a100000000644201000000c8840200000090090500000020130a000000402614000000804c280000000099500000000032a100000000644201000000c8840200000090090500000020130a000000402614000000804c280000000099500000000032a100000000644201000000c8840200000090090500000020130a000000402614000000804c280000000099500000000032a100000000644201000000c8840200000090090500000020130a00000040b43da49eb3af9e63f0830000000049454e44ae426082),
(7, 'ค่าของ E จากสมการ 2E + 5 + 4E = 3E +23 มีค่าเท่าไร', '6', 'ย้ายค่า E ให้อยู่ฝั่งเดียวกัน แล้วอีกฝั่งเป้นตัวเลขอยู่อีกฝั่ง ดึงตัวร่วม E แล้วย้ายข้าง แก้สมการ', 0x89504e470d0a1a0a0000000d49484452000004140000024508060000006d1da4f40000000467414d410000b18f0bfc6105000000097048597300000ec400000ec401952b0e1b0000003374455874436f6d6d656e740078723a643a444146466a317759645f773a392c6a3a33363631393032333434332c743a32323039323930376a4a6bff00000dfe49444154785eedd8310100000cc3a0f937dd69c80f32b801000000444201000000c8840200000090090500000020130a000000402614000000804c280000000099500000000032a100000000644201000000c8840200000090090500000020130a000000402614000000804c280000000099500000000032a100000000644201000000c8840200000090090500000020130a000000402614000000804c280000000099500000000032a100000000644201000000c8840200000090090500000020130a000000402614000000804c280000000099500000000032a100000000644201000000c8840200000090090500000020130a000000402614000000804c280000000099500000000032a100000000644201000000c8840200000090090500000020130a000000402614000000804c280000000099500000000032a100000000644201000000c8840200000090090500000020130a000000402614000000804c280000000099500000000032a100000000644201000000c8840200000090090500000020130a000000402614000000804c280000000099500000000032a100000000644201000000c8840200000090090500000020130a000000402614000000804c280000000099500000000032a100000000644201000000c8840200000090090500000020130a000000402614000000804c280000000099500000000032a100000000644201000000c8840200000090090500000020130a000000402614000000804c280000000099500000000032a100000000644201000000c8840200000090090500000020130a000000402614000000804c280000000099500000000032a100000000644201000000c8840200000090090500000020130a000000402614000000804c280000000099500000000032a100000000644201000000c8840200000090090500000020130a000000402614000000804c280000000099500000000032a100000000644201000000c8840200000090090500000020130a000000402614000000804c280000000099500000000032a100000000644201000000c8840200000090090500000020130a000000402614000000804c280000000099500000000032a100000000644201000000c8840200000090090500000020130a000000402614000000804c280000000099500000000032a100000000644201000000c8840200000090090500000020130a000000402614000000804c280000000099500000000032a100000000644201000000c8840200000090090500000020130a000000402614000000804c280000000099500000000032a100000000644201000000c8840200000090090500000020130a000000402614000000804c280000000099500000000032a100000000644201000000c8840200000090090500000020130a000000402614000000804c280000000099500000000032a100000000644201000000c8840200000090090500000020130a000000402614000000804c280000000099500000000032a100000000644201000000c8840200000090090500000020130a000000402614000000804c280000000099500000000032a100000000644201000000c8840200000090090500000020130a000000402614000000804c280000000099500000000032a100000000644201000000c8840200000090090500000020130a000000402614000000804c280000000099500000000032a100000000644201000000c8840200000090090500000020130a000000402614000000804c280000000099500000000032a100000000644201000000c8840200000090090500000020130a000000402614000000804c280000000099500000000032a100000000644201000000c8840200000090090500000020130a000000402614000000804c280000000099500000000032a100000000644201000000c8840200000090090500000020130a000000402614000000804c280000000099500000000032a100000000644201000000c8840200000090090500000020130a000000402614000000804c280000000099500000000032a100000000644201000000c8840200000090090500000020130a000000402614000000804c280000000099500000000032a100000000644201000000c8840200000090090500000020130a000000402614000000804c280000000099500000000032a100000000644201000000c8840200000090090500000020130a000000402614000000804c280000000099500000000032a100000000644201000000c8840200000090090500000020130a000000402614000000804c280000000099500000000032a100000000644201000000c8840200000090090500000020130a000000402614000000804c280000000099500000000032a100000000644201000000c8840200000090090500000020130a000000402614000000804c280000000099500000000032a100000000644201000000c8840200000090090500000020130a000000402614000000804c280000000099500000000032a100000000644201000000c8840200000090090500000020130a000000402614000000804c280000000099500000000032a100000000644201000000c8840200000090090500000020130a000000402614000000804c280000000099500000000032a100000000644201000000c8840200000090090500000020130a000000402614000000804c280000000099500000000032a100000000644201000000c8840200000090090500000020130a000000402614000000804c280000000099500000000032a100000000644201000000c8840200000090090500000020130a000000402614000000804c280000000099500000000032a100000000644201000000c8840200000090090500000020130a000000402614000000804c280000000099500000000032a100000000644201000000c8840200000090090500000020130a000000402614000000804c280000000099500000000032a100000000644201000000c8840200000090090500000020130a000000402614000000804c280000000099500000000032a100000000644201000000c8840200000090090500000020130a000000402614000000804c280000000099500000000032a100000000644201000000c8840200000090090500000020130a000000402614000000804c280000000099500000000032a100000000644201000000c8840200000090090500000020130a000000402614000000804c280000000099500000000032a100000000644201000000c8840200000090090500000020130a000000402614000000804c280000000099500000000032a100000000644201000000c8840200000090090500000020130a000000402614000000804c280000000099500000000032a100000000644201000000c8840200000090090500000020130a000000402614000000804c280000000099500000000032a100000000644201000000c8840200000090090500000020130a000000402614000000804c280000000099500000000032a100000000644201000000c8840200000090090500000020130a000000402614000000804c280000000099500000000032a100000000644201000000c8840200000090090500000020130a000000402614000000804c280000000099500000000032a100000000644201000000c8840200000090090500000020130a000000402614000000804c280000000099500000000032a100000000644201000000c8840200000090090500000020130a000000402614000000804c280000000099500000000032a100000000644201000000c8840200000090090500000020130a000000402614000000804c280000000099500000000032a100000000644201000000c8840200000090090500000020130a000000402614000000804c280000000099500000000032a100000000644201000000c8840200000090090500000020130a000000402614000000804c280000000099500000000032a100000000644201000000c8840200000090090500000020130a000000402614000000804c280000000099500000000032a100000000644201000000c8840200000090090500000020130a000000402614000000804c280000000099500000000032a100000000644201000000c8840200000090090500000020130a000000402614000000804c280000000099500000000032a100000000644201000000c8840200000090090500000020130a000000402614000000804c280000000099500000000032a100000000644201000000c8840200000090090500000020130a000000402614000000804c280000000099500000000032a100000000644201000000c8840200000090090500000020130a000000402614000000804c280000000099500000000032a100000000644201000000c8840200000090090500000020130a000000402614000000804c280000000099500000000032a100000000644201000000c8840200000090090500000020130a000000402614000000804c280000000099500000000032a100000000644201000000c8840200000090090500000020130a000000402614000000804c280000000099500000000032a100000000644201000000c8840200000090090500000020130a000000402614000000804c280000000099500000000032a100000000644201000000c8840200000090090500000020130a000000402614000000804c280000000099500000000032a100000000644201000000c8840200000090090500000020130a000000402614000000804c280000000099500000000032a100000000644201000000c8840200000090090500000020130a000000402614000000804c280000000099500000000032a100000000644201000000c8840200000090090500000020130a00000040b43da49eb3af9e63f0830000000049454e44ae426082);
INSERT INTO `examination1` (`id`, `exam`, `answer`, `guideline`, `exam_image`) VALUES
(8, 'จงแก้สมการต่อไปนี้', '7,9', 'เขียน y ในรูปของ x ทั้ง 2 สมาการ', 0x89504e470d0a1a0a0000000d49484452000004140000024508060000006d1da4f4000000017352474200aece1ce90000000467414d410000b18f0bfc6105000000097048597300000ec400000ec401952b0e1b0000003374455874436f6d6d656e740078723a643a444146466a317759645f773a392c6a3a33363631393032333434332c743a32323039323930376a4a6bff00000dfe49444154785eedd8310100000cc3a0f937dd69c80f32b801000000444201000000c8840200000090090500000020130a000000402614000000804c280000000099500000000032a100000000644201000000c8840200000090090500000020130a000000402614000000804c280000000099500000000032a100000000644201000000c8840200000090090500000020130a000000402614000000804c280000000099500000000032a100000000644201000000c8840200000090090500000020130a000000402614000000804c280000000099500000000032a100000000644201000000c8840200000090090500000020130a000000402614000000804c280000000099500000000032a100000000644201000000c8840200000090090500000020130a000000402614000000804c280000000099500000000032a100000000644201000000c8840200000090090500000020130a000000402614000000804c280000000099500000000032a100000000644201000000c8840200000090090500000020130a000000402614000000804c280000000099500000000032a100000000644201000000c8840200000090090500000020130a000000402614000000804c280000000099500000000032a100000000644201000000c8840200000090090500000020130a000000402614000000804c280000000099500000000032a100000000644201000000c8840200000090090500000020130a000000402614000000804c280000000099500000000032a100000000644201000000c8840200000090090500000020130a000000402614000000804c280000000099500000000032a100000000644201000000c8840200000090090500000020130a000000402614000000804c280000000099500000000032a100000000644201000000c8840200000090090500000020130a000000402614000000804c280000000099500000000032a100000000644201000000c8840200000090090500000020130a000000402614000000804c280000000099500000000032a100000000644201000000c8840200000090090500000020130a000000402614000000804c280000000099500000000032a100000000644201000000c8840200000090090500000020130a000000402614000000804c280000000099500000000032a100000000644201000000c8840200000090090500000020130a000000402614000000804c280000000099500000000032a100000000644201000000c8840200000090090500000020130a000000402614000000804c280000000099500000000032a100000000644201000000c8840200000090090500000020130a000000402614000000804c280000000099500000000032a100000000644201000000c8840200000090090500000020130a000000402614000000804c280000000099500000000032a100000000644201000000c8840200000090090500000020130a000000402614000000804c280000000099500000000032a100000000644201000000c8840200000090090500000020130a000000402614000000804c280000000099500000000032a100000000644201000000c8840200000090090500000020130a000000402614000000804c280000000099500000000032a100000000644201000000c8840200000090090500000020130a000000402614000000804c280000000099500000000032a100000000644201000000c8840200000090090500000020130a000000402614000000804c280000000099500000000032a100000000644201000000c8840200000090090500000020130a000000402614000000804c280000000099500000000032a100000000644201000000c8840200000090090500000020130a000000402614000000804c280000000099500000000032a100000000644201000000c8840200000090090500000020130a000000402614000000804c280000000099500000000032a100000000644201000000c8840200000090090500000020130a000000402614000000804c280000000099500000000032a100000000644201000000c8840200000090090500000020130a000000402614000000804c280000000099500000000032a100000000644201000000c8840200000090090500000020130a000000402614000000804c280000000099500000000032a100000000644201000000c8840200000090090500000020130a000000402614000000804c280000000099500000000032a100000000644201000000c8840200000090090500000020130a000000402614000000804c280000000099500000000032a100000000644201000000c8840200000090090500000020130a000000402614000000804c280000000099500000000032a100000000644201000000c8840200000090090500000020130a000000402614000000804c280000000099500000000032a100000000644201000000c8840200000090090500000020130a000000402614000000804c280000000099500000000032a100000000644201000000c8840200000090090500000020130a000000402614000000804c280000000099500000000032a100000000644201000000c8840200000090090500000020130a000000402614000000804c280000000099500000000032a100000000644201000000c8840200000090090500000020130a000000402614000000804c280000000099500000000032a100000000644201000000c8840200000090090500000020130a000000402614000000804c280000000099500000000032a100000000644201000000c8840200000090090500000020130a000000402614000000804c280000000099500000000032a100000000644201000000c8840200000090090500000020130a000000402614000000804c280000000099500000000032a100000000644201000000c8840200000090090500000020130a000000402614000000804c280000000099500000000032a100000000644201000000c8840200000090090500000020130a000000402614000000804c280000000099500000000032a100000000644201000000c8840200000090090500000020130a000000402614000000804c280000000099500000000032a100000000644201000000c8840200000090090500000020130a000000402614000000804c280000000099500000000032a100000000644201000000c8840200000090090500000020130a000000402614000000804c280000000099500000000032a100000000644201000000c8840200000090090500000020130a000000402614000000804c280000000099500000000032a100000000644201000000c8840200000090090500000020130a000000402614000000804c280000000099500000000032a100000000644201000000c8840200000090090500000020130a000000402614000000804c280000000099500000000032a100000000644201000000c8840200000090090500000020130a000000402614000000804c280000000099500000000032a100000000644201000000c8840200000090090500000020130a000000402614000000804c280000000099500000000032a100000000644201000000c8840200000090090500000020130a000000402614000000804c280000000099500000000032a100000000644201000000c8840200000090090500000020130a000000402614000000804c280000000099500000000032a100000000644201000000c8840200000090090500000020130a000000402614000000804c280000000099500000000032a100000000644201000000c8840200000090090500000020130a000000402614000000804c280000000099500000000032a100000000644201000000c8840200000090090500000020130a000000402614000000804c280000000099500000000032a100000000644201000000c8840200000090090500000020130a000000402614000000804c280000000099500000000032a100000000644201000000c8840200000090090500000020130a000000402614000000804c280000000099500000000032a100000000644201000000c8840200000090090500000020130a000000402614000000804c280000000099500000000032a100000000644201000000c8840200000090090500000020130a000000402614000000804c280000000099500000000032a100000000644201000000c8840200000090090500000020130a000000402614000000804c280000000099500000000032a100000000644201000000c8840200000090090500000020130a000000402614000000804c280000000099500000000032a100000000644201000000c8840200000090090500000020130a000000402614000000804c280000000099500000000032a100000000644201000000c8840200000090090500000020130a000000402614000000804c280000000099500000000032a100000000644201000000c8840200000090090500000020130a000000402614000000804c280000000099500000000032a100000000644201000000c8840200000090090500000020130a000000402614000000804c280000000099500000000032a100000000644201000000c8840200000090090500000020130a000000402614000000804c280000000099500000000032a100000000644201000000c8840200000090090500000020130a000000402614000000804c280000000099500000000032a100000000644201000000c8840200000090090500000020130a000000402614000000804c280000000099500000000032a100000000644201000000c8840200000090090500000020130a000000402614000000804c280000000099500000000032a100000000644201000000c8840200000090090500000020130a00000040b43da49eb3af9e63f0830000000049454e44ae426082),
(9, 'จงแก้สมการต่อไปนี้', '7,9', 'เขียน y ในรูปของ x ทั้ง 2 สมาการ', 0x89504e470d0a1a0a0000000d49484452000004140000024508060000006d1da4f4000000017352474200aece1ce90000000467414d410000b18f0bfc6105000000097048597300000ec400000ec401952b0e1b0000003374455874436f6d6d656e740078723a643a444146466a317759645f773a392c6a3a33363631393032333434332c743a32323039323930376a4a6bff00000dfe49444154785eedd8310100000cc3a0f937dd69c80f32b801000000444201000000c8840200000090090500000020130a000000402614000000804c280000000099500000000032a100000000644201000000c8840200000090090500000020130a000000402614000000804c280000000099500000000032a100000000644201000000c8840200000090090500000020130a000000402614000000804c280000000099500000000032a100000000644201000000c8840200000090090500000020130a000000402614000000804c280000000099500000000032a100000000644201000000c8840200000090090500000020130a000000402614000000804c280000000099500000000032a100000000644201000000c8840200000090090500000020130a000000402614000000804c280000000099500000000032a100000000644201000000c8840200000090090500000020130a000000402614000000804c280000000099500000000032a100000000644201000000c8840200000090090500000020130a000000402614000000804c280000000099500000000032a100000000644201000000c8840200000090090500000020130a000000402614000000804c280000000099500000000032a100000000644201000000c8840200000090090500000020130a000000402614000000804c280000000099500000000032a100000000644201000000c8840200000090090500000020130a000000402614000000804c280000000099500000000032a100000000644201000000c8840200000090090500000020130a000000402614000000804c280000000099500000000032a100000000644201000000c8840200000090090500000020130a000000402614000000804c280000000099500000000032a100000000644201000000c8840200000090090500000020130a000000402614000000804c280000000099500000000032a100000000644201000000c8840200000090090500000020130a000000402614000000804c280000000099500000000032a100000000644201000000c8840200000090090500000020130a000000402614000000804c280000000099500000000032a100000000644201000000c8840200000090090500000020130a000000402614000000804c280000000099500000000032a100000000644201000000c8840200000090090500000020130a000000402614000000804c280000000099500000000032a100000000644201000000c8840200000090090500000020130a000000402614000000804c280000000099500000000032a100000000644201000000c8840200000090090500000020130a000000402614000000804c280000000099500000000032a100000000644201000000c8840200000090090500000020130a000000402614000000804c280000000099500000000032a100000000644201000000c8840200000090090500000020130a000000402614000000804c280000000099500000000032a100000000644201000000c8840200000090090500000020130a000000402614000000804c280000000099500000000032a100000000644201000000c8840200000090090500000020130a000000402614000000804c280000000099500000000032a100000000644201000000c8840200000090090500000020130a000000402614000000804c280000000099500000000032a100000000644201000000c8840200000090090500000020130a000000402614000000804c280000000099500000000032a100000000644201000000c8840200000090090500000020130a000000402614000000804c280000000099500000000032a100000000644201000000c8840200000090090500000020130a000000402614000000804c280000000099500000000032a100000000644201000000c8840200000090090500000020130a000000402614000000804c280000000099500000000032a100000000644201000000c8840200000090090500000020130a000000402614000000804c280000000099500000000032a100000000644201000000c8840200000090090500000020130a000000402614000000804c280000000099500000000032a100000000644201000000c8840200000090090500000020130a000000402614000000804c280000000099500000000032a100000000644201000000c8840200000090090500000020130a000000402614000000804c280000000099500000000032a100000000644201000000c8840200000090090500000020130a000000402614000000804c280000000099500000000032a100000000644201000000c8840200000090090500000020130a000000402614000000804c280000000099500000000032a100000000644201000000c8840200000090090500000020130a000000402614000000804c280000000099500000000032a100000000644201000000c8840200000090090500000020130a000000402614000000804c280000000099500000000032a100000000644201000000c8840200000090090500000020130a000000402614000000804c280000000099500000000032a100000000644201000000c8840200000090090500000020130a000000402614000000804c280000000099500000000032a100000000644201000000c8840200000090090500000020130a000000402614000000804c280000000099500000000032a100000000644201000000c8840200000090090500000020130a000000402614000000804c280000000099500000000032a100000000644201000000c8840200000090090500000020130a000000402614000000804c280000000099500000000032a100000000644201000000c8840200000090090500000020130a000000402614000000804c280000000099500000000032a100000000644201000000c8840200000090090500000020130a000000402614000000804c280000000099500000000032a100000000644201000000c8840200000090090500000020130a000000402614000000804c280000000099500000000032a100000000644201000000c8840200000090090500000020130a000000402614000000804c280000000099500000000032a100000000644201000000c8840200000090090500000020130a000000402614000000804c280000000099500000000032a100000000644201000000c8840200000090090500000020130a000000402614000000804c280000000099500000000032a100000000644201000000c8840200000090090500000020130a000000402614000000804c280000000099500000000032a100000000644201000000c8840200000090090500000020130a000000402614000000804c280000000099500000000032a100000000644201000000c8840200000090090500000020130a000000402614000000804c280000000099500000000032a100000000644201000000c8840200000090090500000020130a000000402614000000804c280000000099500000000032a100000000644201000000c8840200000090090500000020130a000000402614000000804c280000000099500000000032a100000000644201000000c8840200000090090500000020130a000000402614000000804c280000000099500000000032a100000000644201000000c8840200000090090500000020130a000000402614000000804c280000000099500000000032a100000000644201000000c8840200000090090500000020130a000000402614000000804c280000000099500000000032a100000000644201000000c8840200000090090500000020130a000000402614000000804c280000000099500000000032a100000000644201000000c8840200000090090500000020130a000000402614000000804c280000000099500000000032a100000000644201000000c8840200000090090500000020130a000000402614000000804c280000000099500000000032a100000000644201000000c8840200000090090500000020130a000000402614000000804c280000000099500000000032a100000000644201000000c8840200000090090500000020130a000000402614000000804c280000000099500000000032a100000000644201000000c8840200000090090500000020130a000000402614000000804c280000000099500000000032a100000000644201000000c8840200000090090500000020130a000000402614000000804c280000000099500000000032a100000000644201000000c8840200000090090500000020130a000000402614000000804c280000000099500000000032a100000000644201000000c8840200000090090500000020130a000000402614000000804c280000000099500000000032a100000000644201000000c8840200000090090500000020130a000000402614000000804c280000000099500000000032a100000000644201000000c8840200000090090500000020130a000000402614000000804c280000000099500000000032a100000000644201000000c8840200000090090500000020130a000000402614000000804c280000000099500000000032a100000000644201000000c8840200000090090500000020130a000000402614000000804c280000000099500000000032a100000000644201000000c8840200000090090500000020130a000000402614000000804c280000000099500000000032a100000000644201000000c8840200000090090500000020130a000000402614000000804c280000000099500000000032a100000000644201000000c8840200000090090500000020130a000000402614000000804c280000000099500000000032a100000000644201000000c8840200000090090500000020130a00000040b43da49eb3af9e63f0830000000049454e44ae426082),
(10, 'จงแก้สมการต่อไปนี้', '7,9', 'เขียน y ในรูปของ x ทั้ง 2 สมาการ', 0x89504e470d0a1a0a0000000d49484452000004140000024508060000006d1da4f4000000017352474200aece1ce90000000467414d410000b18f0bfc6105000000097048597300000ec400000ec401952b0e1b0000003374455874436f6d6d656e740078723a643a444146466a317759645f773a392c6a3a33363631393032333434332c743a32323039323930376a4a6bff00000dfe49444154785eedd8310100000cc3a0f937dd69c80f32b801000000444201000000c8840200000090090500000020130a000000402614000000804c280000000099500000000032a100000000644201000000c8840200000090090500000020130a000000402614000000804c280000000099500000000032a100000000644201000000c8840200000090090500000020130a000000402614000000804c280000000099500000000032a100000000644201000000c8840200000090090500000020130a000000402614000000804c280000000099500000000032a100000000644201000000c8840200000090090500000020130a000000402614000000804c280000000099500000000032a100000000644201000000c8840200000090090500000020130a000000402614000000804c280000000099500000000032a100000000644201000000c8840200000090090500000020130a000000402614000000804c280000000099500000000032a100000000644201000000c8840200000090090500000020130a000000402614000000804c280000000099500000000032a100000000644201000000c8840200000090090500000020130a000000402614000000804c280000000099500000000032a100000000644201000000c8840200000090090500000020130a000000402614000000804c280000000099500000000032a100000000644201000000c8840200000090090500000020130a000000402614000000804c280000000099500000000032a100000000644201000000c8840200000090090500000020130a000000402614000000804c280000000099500000000032a100000000644201000000c8840200000090090500000020130a000000402614000000804c280000000099500000000032a100000000644201000000c8840200000090090500000020130a000000402614000000804c280000000099500000000032a100000000644201000000c8840200000090090500000020130a000000402614000000804c280000000099500000000032a100000000644201000000c8840200000090090500000020130a000000402614000000804c280000000099500000000032a100000000644201000000c8840200000090090500000020130a000000402614000000804c280000000099500000000032a100000000644201000000c8840200000090090500000020130a000000402614000000804c280000000099500000000032a100000000644201000000c8840200000090090500000020130a000000402614000000804c280000000099500000000032a100000000644201000000c8840200000090090500000020130a000000402614000000804c280000000099500000000032a100000000644201000000c8840200000090090500000020130a000000402614000000804c280000000099500000000032a100000000644201000000c8840200000090090500000020130a000000402614000000804c280000000099500000000032a100000000644201000000c8840200000090090500000020130a000000402614000000804c280000000099500000000032a100000000644201000000c8840200000090090500000020130a000000402614000000804c280000000099500000000032a100000000644201000000c8840200000090090500000020130a000000402614000000804c280000000099500000000032a100000000644201000000c8840200000090090500000020130a000000402614000000804c280000000099500000000032a100000000644201000000c8840200000090090500000020130a000000402614000000804c280000000099500000000032a100000000644201000000c8840200000090090500000020130a000000402614000000804c280000000099500000000032a100000000644201000000c8840200000090090500000020130a000000402614000000804c280000000099500000000032a100000000644201000000c8840200000090090500000020130a000000402614000000804c280000000099500000000032a100000000644201000000c8840200000090090500000020130a000000402614000000804c280000000099500000000032a100000000644201000000c8840200000090090500000020130a000000402614000000804c280000000099500000000032a100000000644201000000c8840200000090090500000020130a000000402614000000804c280000000099500000000032a100000000644201000000c8840200000090090500000020130a000000402614000000804c280000000099500000000032a100000000644201000000c8840200000090090500000020130a000000402614000000804c280000000099500000000032a100000000644201000000c8840200000090090500000020130a000000402614000000804c280000000099500000000032a100000000644201000000c8840200000090090500000020130a000000402614000000804c280000000099500000000032a100000000644201000000c8840200000090090500000020130a000000402614000000804c280000000099500000000032a100000000644201000000c8840200000090090500000020130a000000402614000000804c280000000099500000000032a100000000644201000000c8840200000090090500000020130a000000402614000000804c280000000099500000000032a100000000644201000000c8840200000090090500000020130a000000402614000000804c280000000099500000000032a100000000644201000000c8840200000090090500000020130a000000402614000000804c280000000099500000000032a100000000644201000000c8840200000090090500000020130a000000402614000000804c280000000099500000000032a100000000644201000000c8840200000090090500000020130a000000402614000000804c280000000099500000000032a100000000644201000000c8840200000090090500000020130a000000402614000000804c280000000099500000000032a100000000644201000000c8840200000090090500000020130a000000402614000000804c280000000099500000000032a100000000644201000000c8840200000090090500000020130a000000402614000000804c280000000099500000000032a100000000644201000000c8840200000090090500000020130a000000402614000000804c280000000099500000000032a100000000644201000000c8840200000090090500000020130a000000402614000000804c280000000099500000000032a100000000644201000000c8840200000090090500000020130a000000402614000000804c280000000099500000000032a100000000644201000000c8840200000090090500000020130a000000402614000000804c280000000099500000000032a100000000644201000000c8840200000090090500000020130a000000402614000000804c280000000099500000000032a100000000644201000000c8840200000090090500000020130a000000402614000000804c280000000099500000000032a100000000644201000000c8840200000090090500000020130a000000402614000000804c280000000099500000000032a100000000644201000000c8840200000090090500000020130a000000402614000000804c280000000099500000000032a100000000644201000000c8840200000090090500000020130a000000402614000000804c280000000099500000000032a100000000644201000000c8840200000090090500000020130a000000402614000000804c280000000099500000000032a100000000644201000000c8840200000090090500000020130a000000402614000000804c280000000099500000000032a100000000644201000000c8840200000090090500000020130a000000402614000000804c280000000099500000000032a100000000644201000000c8840200000090090500000020130a000000402614000000804c280000000099500000000032a100000000644201000000c8840200000090090500000020130a000000402614000000804c280000000099500000000032a100000000644201000000c8840200000090090500000020130a000000402614000000804c280000000099500000000032a100000000644201000000c8840200000090090500000020130a000000402614000000804c280000000099500000000032a100000000644201000000c8840200000090090500000020130a000000402614000000804c280000000099500000000032a100000000644201000000c8840200000090090500000020130a000000402614000000804c280000000099500000000032a100000000644201000000c8840200000090090500000020130a000000402614000000804c280000000099500000000032a100000000644201000000c8840200000090090500000020130a000000402614000000804c280000000099500000000032a100000000644201000000c8840200000090090500000020130a000000402614000000804c280000000099500000000032a100000000644201000000c8840200000090090500000020130a000000402614000000804c280000000099500000000032a100000000644201000000c8840200000090090500000020130a000000402614000000804c280000000099500000000032a100000000644201000000c8840200000090090500000020130a000000402614000000804c280000000099500000000032a100000000644201000000c8840200000090090500000020130a000000402614000000804c280000000099500000000032a100000000644201000000c8840200000090090500000020130a00000040b43da49eb3af9e63f0830000000049454e44ae426082);

-- --------------------------------------------------------

--
-- Table structure for table `personal_information`
--

CREATE TABLE `personal_information` (
  `student_id` varchar(5) NOT NULL,
  `name` varchar(100) NOT NULL,
  `number` int(2) NOT NULL,
  `class` varchar(3) NOT NULL,
  `phone` varchar(10) NOT NULL,
  `name_parent` varchar(100) NOT NULL,
  `parent_status` varchar(15) NOT NULL,
  `parent_phone` varchar(10) NOT NULL,
  `address` varchar(200) NOT NULL
) ENGINE=InnoDB DEFAULT CHARSET=utf8mb4;

--
-- Dumping data for table `personal_information`
--

INSERT INTO `personal_information` (`student_id`, `name`, `number`, `class`, `phone`, `name_parent`, `parent_status`, `parent_phone`, `address`) VALUES
('00001', 'กนกนันทร์ สุเชาว์อินทร์ ', 1, '601', '0554421878', 'จาริยา สุเชาว์อินทร์', 'มารดา', '0855621254', '115 ม.1 ต.เมือง อ.เมือง จ.ขอนแก่น 40000'),
('00002', 'จารุนันท์ พันธ์งามตา', 2, '601', '0554422622', 'จิตราพร พันธ์งามตา', 'มารดา', '0855621254', '55 ม.4 ต.เมือง อ.เมือง จ.ขอนแก่น 40000'),
('00003', 'เฉลิมเดช ประพิณไพโรจน์', 3, '601', '0455825474', 'ณภัทร เครือทิวา', 'อา', '0855624185', '42 ม.5 ต.เมือง อ.เมือง จ.ขอนแก่น 40000'),
('00004', 'ณัฏฐา สุภาสนันท์', 4, '601', '0455825312', 'ณัฐ สุภาสนันท์', 'บิดา', '0855633333', '152 ม.11 ต.เมือง อ.เมือง จ.ขอนแก่น 40000'),
('00005', 'ณัฐดา ฟักทอง', 5, '601', '0455825312', 'บุญรุ่ง ฟักทอง', 'ยาย', '0855633333', '98 ม.7 ต.ศิลา อ.เมือง จ.ขอนแก่น 40000'),
('00006', 'ทวีภรณ์ ศรีสุขคํา', 6, '601', '0444552107', 'ธนาวุฒิ ศรีสุขคํา', 'บิดา', '0855584142', '12 ม.6 ต.ศิลา อ.เมือง จ.ขอนแก่น 40000'),
('00007', 'ธิติพันธุ์ วิชัยยา', 7, '601', '0912478211', 'นิรุตติ์ วิชัยยา', 'บิดา', '0855842264', '54 ม.7 ต.ดอนหัน อ.เมือง จ.ขอนแก่น 40000'),
('00008', 'นิภาลัย ใจบุญ', 8, '601', '0914457832', 'พงศกร ใจบุญ', 'ปู่', '0871122457', '45 ม.1 ต.ท่าพระ อ.เมือง จ.ขอนแก่น 40000'),
('00009', 'พงษ์เพชร กงพล', 9, '601', '0970014555', 'พนิตา สุภาพ', 'ป้า', '0654120886', '79 ม.5 ต.บ้านค้อ อ.เมือง จ.ขอนแก่น 40000'),
('00010', 'พรพรรณ ประกายสันติสุข', 10, '601', '0896555123', 'พลชัย สาระทา ', 'น้า', '0926544780', '79 ม.5 ต.บ้านค้อ อ.เมือง จ.ขอนแก่น 40000'),
('00011', 'ณัฐชนน จันทร์โอชา', 11, '601', '0851632706', 'นฏกร ประมายันต์', 'อาจารย์ที่ปรึกษ', '0981504658', 'คณะศึกษาศาสตร์');

-- --------------------------------------------------------

--
-- Table structure for table `scoreboard`
--

CREATE TABLE `scoreboard` (
  `student_id` varchar(5) NOT NULL,
  `name` varchar(100) NOT NULL,
  `Quiz1` int(1) NOT NULL,
  `Quiz2` int(1) NOT NULL,
  `Quiz3` int(1) NOT NULL,
  `Quiz4` int(1) NOT NULL,
  `Quiz5` int(1) NOT NULL,
  `Quiz6` int(1) NOT NULL,
  `Quiz7` int(1) NOT NULL,
  `Quiz8` int(1) NOT NULL,
  `Quiz9` int(1) NOT NULL,
  `Quiz10` int(1) NOT NULL,
  `score` int(2) NOT NULL,
  `class` varchar(3) NOT NULL
) ENGINE=InnoDB DEFAULT CHARSET=utf8mb4;

--
-- Dumping data for table `scoreboard`
--

INSERT INTO `scoreboard` (`student_id`, `name`, `Quiz1`, `Quiz2`, `Quiz3`, `Quiz4`, `Quiz5`, `Quiz6`, `Quiz7`, `Quiz8`, `Quiz9`, `Quiz10`, `score`, `class`) VALUES
('00001', 'กนกนันทร์ สุเชาว์อินทร์', 2, 0, 0, 0, 0, 1, 2, 1, 1, 0, 8, '601'),
('00002', 'จารุนันท์ พันธ์งามตา ', 0, 2, 0, 0, 2, 2, 2, 1, 1, 0, 6, '601'),
('00003', 'เฉลิมเดช ประพิณไพโรจน์', 0, 0, 0, 0, 0, 0, 0, 0, 0, 0, 10, '601'),
('00004', 'ณัฏฐา สุภาสนันท์', 0, 0, 0, 0, 0, 2, 2, 2, 1, 0, 7, '601'),
('00005', 'ณัฐดา ฟักทอง', 0, 0, 2, 1, 0, 2, 2, 0, 1, 0, 7, '601'),
('00006', 'ทวีภรณ์ ศรีสุขคํา', 2, 0, 2, 1, 0, 2, 2, 0, 1, 0, 6, '601'),
('00007', 'ธิติพันธุ์ วิชัยยา', 1, 1, 1, 1, 0, 1, 2, 0, 1, 0, 9, '601'),
('00008', 'นิภาลัย ใจบุญ', 0, 0, 0, 0, 0, 2, 2, 1, 1, 1, 8, '601'),
('00009', 'พงษ์เพชร กงพล', 2, 2, 2, 1, 2, 1, 2, 2, 1, 2, 3, '601'),
('00010', 'พรพรรณ ประกายสันติสุข', 0, 0, 0, 2, 2, 2, 0, 1, 1, 1, 7, '601'),
('00011', 'ณัฐชนน สินเจริญเลิศ', 1, 0, 0, 1, 0, 1, 1, 0, 0, 0, 10, '601');

-- --------------------------------------------------------

--
-- Table structure for table `user_admin`
--

CREATE TABLE `user_admin` (
  `usernumber` int(3) NOT NULL,
  `nameAM` varchar(100) DEFAULT NULL,
  `username` varchar(20) DEFAULT NULL,
  `pass` varchar(40) DEFAULT NULL
) ENGINE=InnoDB DEFAULT CHARSET=utf8mb4;

--
-- Dumping data for table `user_admin`
--

INSERT INTO `user_admin` (`usernumber`, `nameAM`, `username`, `pass`) VALUES
(1, 'นฤเบศ เงินโพธิ์กลาง', 'admin', 'admin'),
(2, 'นนท์', 'Maple', '123456789m'),
(7, 'ชาคริต ทิพวัฒน์', 'joji000', '123456789j');

--
-- Indexes for dumped tables
--

--
-- Indexes for table `examination1`
--
ALTER TABLE `examination1`
  ADD PRIMARY KEY (`id`);

--
-- Indexes for table `personal_information`
--
ALTER TABLE `personal_information`
  ADD PRIMARY KEY (`student_id`);

--
-- Indexes for table `scoreboard`
--
ALTER TABLE `scoreboard`
  ADD PRIMARY KEY (`student_id`);

--
-- Indexes for table `user_admin`
--
ALTER TABLE `user_admin`
  ADD PRIMARY KEY (`usernumber`);

--
-- AUTO_INCREMENT for dumped tables
--

--
-- AUTO_INCREMENT for table `examination1`
--
ALTER TABLE `examination1`
  MODIFY `id` int(2) NOT NULL AUTO_INCREMENT, AUTO_INCREMENT=11;

--
-- AUTO_INCREMENT for table `user_admin`
--
ALTER TABLE `user_admin`
  MODIFY `usernumber` int(3) NOT NULL AUTO_INCREMENT, AUTO_INCREMENT=9;
COMMIT;

/*!40101 SET CHARACTER_SET_CLIENT=@OLD_CHARACTER_SET_CLIENT */;
/*!40101 SET CHARACTER_SET_RESULTS=@OLD_CHARACTER_SET_RESULTS */;
/*!40101 SET COLLATION_CONNECTION=@OLD_COLLATION_CONNECTION */;
